Jun 04, 2026 2:47:59 P.M. com.google.cloud.datastore.emulator.firestore.websocket.WebSocketServer start
INFO: Started WebSocket server on ws://127.0.0.1:9150

API endpoint: http://127.0.0.1:8080
Database Edition: STANDARD
Database Mode: CLOUD_FIRESTORE

If you are using a library that supports the FIRESTORE_EMULATOR_HOST environment variable, run:

   export FIRESTORE_EMULATOR_HOST=127.0.0.1:8080

If you are running a Firestore in Datastore Mode project, run:

   export DATASTORE_EMULATOR_HOST=127.0.0.1:8080

Note: Support for Datastore Mode is in preview. If you encounter any bugs please file at https://github.com/firebase/firebase-tools/issues.
Dev App Server is now running.

Jun 04, 2026 4:07:51 P.M. io.gapi.emulators.netty.HttpVersionRoutingHandler channelRead
INFO: Detected non-HTTP/2 connection.
Jun 04, 2026 4:07:55 P.M. io.gapi.emulators.netty.HttpVersionRoutingHandler channelRead
INFO: Detected non-HTTP/2 connection.
Multiple projectIds are not recommended in single project mode. Requested project ID ntuproject-1ff4c, but the emulator is configured for soizenfier-1f876. To opt-out of single project mode add/set the '"singleProjectMode": false' property in the firebase.json emulators config.
Multiple projectIds are not recommended in single project mode. Requested project ID ntuproject-1ff4c, but the emulator is configured for soizenfier-1f876. To opt-out of single project mode add/set the '"singleProjectMode": false' property in the firebase.json emulators config.
Jun 05, 2026 1:25:34 P.M. com.google.cloud.datastore.emulator.firestore.websocket.WebSocketChannelHandler initChannel
INFO: Connected to new websocket client
Jun 05, 2026 1:25:35 P.M. io.gapi.emulators.netty.HttpVersionRoutingHandler channelRead
INFO: Detected non-HTTP/2 connection.
Multiple projectIds are not recommended in single project mode. Requested project ID ntuproject-1ff4c, but the emulator is configured for soizenfier-1f876. To opt-out of single project mode add/set the '"singleProjectMode": false' property in the firebase.json emulators config.
Multiple projectIds are not recommended in single project mode. Requested project ID ntuproject-1ff4c, but the emulator is configured for soizenfier-1f876. To opt-out of single project mode add/set the '"singleProjectMode": false' property in the firebase.json emulators config.
Jun 05, 2026 1:56:39 P.M. io.gapi.emulators.netty.HttpVersionRoutingHandler channelRead
INFO: Detected non-HTTP/2 connection.
Multiple projectIds are not recommended in single project mode. Requested project ID ntuproject-1ff4c, but the emulator is configured for soizenfier-1f876. To opt-out of single project mode add/set the '"singleProjectMode": false' property in the firebase.json emulators config.
Multiple projectIds are not recommended in single project mode. Requested project ID ntuproject-1ff4c, but the emulator is configured for soizenfier-1f876. To opt-out of single project mode add/set the '"singleProjectMode": false' property in the firebase.json emulators config.
Jun 05, 2026 1:56:39 P.M. io.gapi.emulators.netty.HttpVersionRoutingHandler channelRead
INFO: Detected non-HTTP/2 connection.
Jun 05, 2026 3:02:11 P.M. io.gapi.emulators.netty.HttpVersionRoutingHandler channelRead
INFO: Detected non-HTTP/2 connection.
Jun 05, 2026 3:02:12 P.M. io.gapi.emulators.netty.HttpVersionRoutingHandler channelRead
INFO: Detected non-HTTP/2 connection.
Jun 05, 2026 3:02:14 P.M. io.gapi.emulators.netty.HttpVersionRoutingHandler channelRead
INFO: Detected non-HTTP/2 connection.
Jun 05, 2026 4:38:09 P.M. io.gapi.emulators.netty.HttpVersionRoutingHandler channelRead
INFO: Detected HTTP/2 connection.
Jun 05, 2026 4:38:10 P.M. io.grpc.netty.TcpMetrics loadEpollInfo
INFO: Epoll available during static init of TcpMetrics:false
Jun 05, 2026 4:41:42 P.M. io.gapi.emulators.netty.HttpVersionRoutingHandler channelRead
INFO: Detected HTTP/2 connection.
Jun 05, 2026 4:43:15 P.M. io.gapi.emulators.netty.HttpVersionRoutingHandler channelRead
INFO: Detected non-HTTP/2 connection.
Jun 05, 2026 4:43:15 P.M. io.gapi.emulators.netty.HttpVersionRoutingHandler channelRead
INFO: Detected non-HTTP/2 connection.
Jun 05, 2026 4:43:16 P.M. io.gapi.emulators.netty.HttpVersionRoutingHandler channelRead
INFO: Detected non-HTTP/2 connection.
Jun 05, 2026 4:43:16 P.M. io.gapi.emulators.netty.HttpVersionRoutingHandler channelRead
INFO: Detected non-HTTP/2 connection.
Jun 05, 2026 4:43:16 P.M. io.gapi.emulators.netty.HttpVersionRoutingHandler channelRead
INFO: Detected non-HTTP/2 connection.
Jun 05, 2026 4:43:16 P.M. io.gapi.emulators.netty.HttpVersionRoutingHandler channelRead
INFO: Detected non-HTTP/2 connection.
Jun 05, 2026 4:43:16 P.M. io.gapi.emulators.netty.HttpVersionRoutingHandler channelRead
INFO: Detected non-HTTP/2 connection.
Jun 05, 2026 4:43:16 P.M. io.gapi.emulators.netty.HttpVersionRoutingHandler channelRead
INFO: Detected non-HTTP/2 connection.
Jun 05, 2026 4:43:16 P.M. io.gapi.emulators.netty.HttpVersionRoutingHandler channelRead
INFO: Detected HTTP/2 connection.
Multiple projectIds are not recommended in single project mode. Requested project ID ntuproject-1ff4c, but the emulator is configured for soizenfier-1f876. To opt-out of single project mode add/set the '"singleProjectMode": false' property in the firebase.json emulators config.
Multiple projectIds are not recommended in single project mode. Requested project ID ntuproject-1ff4c, but the emulator is configured for soizenfier-1f876. To opt-out of single project mode add/set the '"singleProjectMode": false' property in the firebase.json emulators config.
Multiple projectIds are not recommended in single project mode. Requested project ID ntuproject-1ff4c, but the emulator is configured for soizenfier-1f876. To opt-out of single project mode add/set the '"singleProjectMode": false' property in the firebase.json emulators config.
Multiple projectIds are not recommended in single project mode. Requested project ID ntuproject-1ff4c, but the emulator is configured for soizenfier-1f876. To opt-out of single project mode add/set the '"singleProjectMode": false' property in the firebase.json emulators config.
Multiple projectIds are not recommended in single project mode. Requested project ID ntuproject-1ff4c, but the emulator is configured for soizenfier-1f876. To opt-out of single project mode add/set the '"singleProjectMode": false' property in the firebase.json emulators config.
Multiple projectIds are not recommended in single project mode. Requested project ID ntuproject-1ff4c, but the emulator is configured for soizenfier-1f876. To opt-out of single project mode add/set the '"singleProjectMode": false' property in the firebase.json emulators config.
Multiple projectIds are not recommended in single project mode. Requested project ID ntuproject-1ff4c, but the emulator is configured for soizenfier-1f876. To opt-out of single project mode add/set the '"singleProjectMode": false' property in the firebase.json emulators config.
Multiple projectIds are not recommended in single project mode. Requested project ID ntuproject-1ff4c, but the emulator is configured for soizenfier-1f876. To opt-out of single project mode add/set the '"singleProjectMode": false' property in the firebase.json emulators config.
Multiple projectIds are not recommended in single project mode. Requested project ID ntuproject-1ff4c, but the emulator is configured for soizenfier-1f876. To opt-out of single project mode add/set the '"singleProjectMode": false' property in the firebase.json emulators config.
Multiple projectIds are not recommended in single project mode. Requested project ID ntuproject-1ff4c, but the emulator is configured for soizenfier-1f876. To opt-out of single project mode add/set the '"singleProjectMode": false' property in the firebase.json emulators config.
Jun 05, 2026 4:43:16 P.M. com.google.cloud.datastore.emulator.firestore.websocket.WebSocketChannelHandler channelClosed
INFO: Websocket client disconnected
Jun 05, 2026 4:43:16 P.M. com.google.cloud.datastore.emulator.firestore.websocket.WebSocketChannelHandler initChannel
INFO: Connected to new websocket client
Jun 05, 2026 4:43:16 P.M. com.google.cloud.datastore.emulator.firestore.webchannel.FirestoreV1WebChannelAdapter$FirestoreListenHandler onClose
INFO: channel closed
Jun 05, 2026 4:43:16 P.M. io.gapi.emulators.netty.HttpVersionRoutingHandler channelRead
INFO: Detected non-HTTP/2 connection.
Jun 05, 2026 4:43:16 P.M. io.gapi.emulators.netty.HttpVersionRoutingHandler channelRead
INFO: Detected non-HTTP/2 connection.
Jun 05, 2026 4:43:26 P.M. io.gapi.emulators.netty.HttpVersionRoutingHandler channelRead
INFO: Detected non-HTTP/2 connection.
Jun 05, 2026 4:43:26 P.M. io.gapi.emulators.netty.HttpVersionRoutingHandler channelRead
INFO: Detected non-HTTP/2 connection.
Jun 05, 2026 4:43:26 P.M. io.gapi.emulators.netty.HttpVersionRoutingHandler channelRead
INFO: Detected non-HTTP/2 connection.
Jun 05, 2026 4:43:38 P.M. io.gapi.emulators.netty.HttpVersionRoutingHandler channelRead
INFO: Detected non-HTTP/2 connection.
Jun 05, 2026 4:43:46 P.M. io.gapi.emulators.netty.HttpVersionRoutingHandler channelRead
INFO: Detected non-HTTP/2 connection.
Jun 05, 2026 4:44:16 P.M. io.gapi.emulators.netty.HttpVersionRoutingHandler channelRead
INFO: Detected non-HTTP/2 connection.
Jun 05, 2026 4:44:38 P.M. com.google.cloud.datastore.emulator.firestore.webchannel.FirestoreV1WebChannelAdapter$FirestoreWriteHandler onClose
INFO: channel closed
Jun 05, 2026 4:44:38 P.M. io.gapi.emulators.netty.HttpVersionRoutingHandler channelRead
INFO: Detected non-HTTP/2 connection.
Jun 05, 2026 4:44:46 P.M. io.gapi.emulators.netty.HttpVersionRoutingHandler channelRead
INFO: Detected non-HTTP/2 connection.
Jun 05, 2026 4:44:54 P.M. io.gapi.emulators.netty.HttpVersionRoutingHandler channelRead
INFO: Detected HTTP/2 connection.
Jun 05, 2026 4:45:16 P.M. io.gapi.emulators.netty.HttpVersionRoutingHandler channelRead
INFO: Detected non-HTTP/2 connection.
Jun 05, 2026 4:45:57 P.M. io.gapi.emulators.netty.HttpVersionRoutingHandler channelRead
INFO: Detected non-HTTP/2 connection.
Jun 05, 2026 4:46:57 P.M. io.gapi.emulators.netty.HttpVersionRoutingHandler channelRead
INFO: Detected non-HTTP/2 connection.
Jun 05, 2026 4:47:16 P.M. io.gapi.emulators.netty.HttpVersionRoutingHandler channelRead
INFO: Detected HTTP/2 connection.
Jun 05, 2026 4:47:16 P.M. io.gapi.emulators.netty.HttpVersionRoutingHandler channelRead
INFO: Detected HTTP/2 connection.
Jun 05, 2026 4:47:16 P.M. io.gapi.emulators.netty.HttpVersionRoutingHandler channelRead
INFO: Detected HTTP/2 connection.
Jun 05, 2026 4:47:16 P.M. io.gapi.emulators.netty.HttpVersionRoutingHandler channelRead
INFO: Detected HTTP/2 connection.
Jun 05, 2026 4:47:16 P.M. io.gapi.emulators.netty.HttpVersionRoutingHandler channelRead
INFO: Detected HTTP/2 connection.
Jun 05, 2026 4:47:27 P.M. io.gapi.emulators.netty.HttpVersionRoutingHandler channelRead
INFO: Detected non-HTTP/2 connection.
Jun 05, 2026 4:47:57 P.M. io.gapi.emulators.netty.HttpVersionRoutingHandler channelRead
INFO: Detected non-HTTP/2 connection.
Jun 05, 2026 4:48:22 P.M. io.gapi.emulators.netty.HttpVersionRoutingHandler channelRead
INFO: Detected non-HTTP/2 connection.
Jun 05, 2026 4:48:26 P.M. com.google.cloud.datastore.emulator.firestore.websocket.WebSocketChannelHandler channelClosed
INFO: Websocket client disconnected
Jun 05, 2026 4:48:26 P.M. com.google.cloud.datastore.emulator.firestore.websocket.WebSocketChannelHandler initChannel
INFO: Connected to new websocket client
Jun 05, 2026 4:48:26 P.M. io.gapi.emulators.netty.HttpVersionRoutingHandler channelRead
INFO: Detected non-HTTP/2 connection.
Jun 05, 2026 4:48:36 P.M. io.gapi.emulators.netty.HttpVersionRoutingHandler channelRead
INFO: Detected non-HTTP/2 connection.
Jun 05, 2026 4:48:36 P.M. io.gapi.emulators.netty.HttpVersionRoutingHandler channelRead
INFO: Detected non-HTTP/2 connection.
Jun 05, 2026 4:49:56 P.M. io.gapi.emulators.netty.HttpVersionRoutingHandler channelRead
INFO: Detected non-HTTP/2 connection.
Jun 05, 2026 4:50:26 P.M. io.gapi.emulators.netty.HttpVersionRoutingHandler channelRead
INFO: Detected non-HTTP/2 connection.
Jun 05, 2026 4:50:46 P.M. io.gapi.emulators.netty.HttpVersionRoutingHandler channelRead
INFO: Detected non-HTTP/2 connection.
Jun 05, 2026 4:51:46 P.M. io.gapi.emulators.netty.HttpVersionRoutingHandler channelRead
INFO: Detected non-HTTP/2 connection.
Jun 05, 2026 4:52:47 P.M. io.gapi.emulators.netty.HttpVersionRoutingHandler channelRead
INFO: Detected non-HTTP/2 connection.
Jun 05, 2026 4:53:47 P.M. io.gapi.emulators.netty.HttpVersionRoutingHandler channelRead
INFO: Detected non-HTTP/2 connection.
Jun 05, 2026 4:54:47 P.M. io.gapi.emulators.netty.HttpVersionRoutingHandler channelRead
INFO: Detected non-HTTP/2 connection.
Jun 05, 2026 4:55:47 P.M. io.gapi.emulators.netty.HttpVersionRoutingHandler channelRead
INFO: Detected non-HTTP/2 connection.
Jun 05, 2026 4:58:40 P.M. io.gapi.emulators.netty.HttpVersionRoutingHandler channelRead
INFO: Detected HTTP/2 connection.
Jun 05, 2026 4:59:12 P.M. io.gapi.emulators.netty.HttpVersionRoutingHandler channelRead
INFO: Detected HTTP/2 connection.
Jun 05, 2026 5:00:11 P.M. io.gapi.emulators.netty.HttpVersionRoutingHandler channelRead
INFO: Detected HTTP/2 connection.
Jun 05, 2026 5:00:11 P.M. io.gapi.emulators.netty.HttpVersionRoutingHandler channelRead
INFO: Detected HTTP/2 connection.
Jun 05, 2026 5:00:11 P.M. io.gapi.emulators.netty.HttpVersionRoutingHandler channelRead
INFO: Detected HTTP/2 connection.
Jun 05, 2026 5:00:11 P.M. io.gapi.emulators.netty.HttpVersionRoutingHandler channelRead
INFO: Detected HTTP/2 connection.
Jun 05, 2026 5:00:11 P.M. io.gapi.emulators.netty.HttpVersionRoutingHandler channelRead
INFO: Detected HTTP/2 connection.
Jun 05, 2026 5:09:59 P.M. io.gapi.emulators.netty.HttpVersionRoutingHandler channelRead
INFO: Detected HTTP/2 connection.
Jun 05, 2026 5:11:18 P.M. io.gapi.emulators.netty.HttpVersionRoutingHandler channelRead
INFO: Detected HTTP/2 connection.
Jun 05, 2026 5:19:27 P.M. io.gapi.emulators.netty.HttpVersionRoutingHandler channelRead
INFO: Detected HTTP/2 connection.
Jun 05, 2026 5:20:26 P.M. io.gapi.emulators.netty.HttpVersionRoutingHandler channelRead
INFO: Detected HTTP/2 connection.
Jun 05, 2026 5:20:26 P.M. io.gapi.emulators.netty.HttpVersionRoutingHandler channelRead
INFO: Detected HTTP/2 connection.
Jun 05, 2026 5:20:26 P.M. io.gapi.emulators.netty.HttpVersionRoutingHandler channelRead
INFO: Detected HTTP/2 connection.
Jun 05, 2026 5:20:26 P.M. io.gapi.emulators.netty.HttpVersionRoutingHandler channelRead
INFO: Detected HTTP/2 connection.
Jun 05, 2026 5:20:26 P.M. io.gapi.emulators.netty.HttpVersionRoutingHandler channelRead
INFO: Detected HTTP/2 connection.
Jun 05, 2026 5:23:42 P.M. io.gapi.emulators.netty.HttpVersionRoutingHandler channelRead
INFO: Detected HTTP/2 connection.
Jun 05, 2026 5:23:47 P.M. io.gapi.emulators.netty.HttpVersionRoutingHandler channelRead
INFO: Detected HTTP/2 connection.
Jun 05, 2026 5:25:00 P.M. io.gapi.emulators.netty.HttpVersionRoutingHandler channelRead
INFO: Detected non-HTTP/2 connection.
Jun 05, 2026 5:25:00 P.M. io.gapi.emulators.netty.HttpVersionRoutingHandler channelRead
INFO: Detected non-HTTP/2 connection.
Jun 05, 2026 5:25:00 P.M. io.gapi.emulators.netty.HttpVersionRoutingHandler channelRead
INFO: Detected non-HTTP/2 connection.
Jun 05, 2026 5:25:00 P.M. io.gapi.emulators.netty.HttpVersionRoutingHandler channelRead
INFO: Detected non-HTTP/2 connection.
Jun 05, 2026 5:25:00 P.M. io.gapi.emulators.netty.HttpVersionRoutingHandler channelRead
INFO: Detected non-HTTP/2 connection.
Jun 05, 2026 5:25:04 P.M. com.google.cloud.datastore.emulator.firestore.websocket.WebSocketChannelHandler channelClosed
INFO: Websocket client disconnected
Jun 05, 2026 5:25:04 P.M. com.google.cloud.datastore.emulator.firestore.websocket.WebSocketChannelHandler initChannel
INFO: Connected to new websocket client
Jun 05, 2026 5:25:04 P.M. io.gapi.emulators.netty.HttpVersionRoutingHandler channelRead
INFO: Detected non-HTTP/2 connection.
Jun 05, 2026 5:25:11 P.M. io.gapi.emulators.netty.HttpVersionRoutingHandler channelRead
INFO: Detected non-HTTP/2 connection.
Jun 05, 2026 5:25:13 P.M. io.gapi.emulators.netty.HttpVersionRoutingHandler channelRead
INFO: Detected non-HTTP/2 connection.
Jun 05, 2026 5:25:14 P.M. io.gapi.emulators.netty.HttpVersionRoutingHandler channelRead
INFO: Detected non-HTTP/2 connection.
Jun 05, 2026 5:25:16 P.M. io.gapi.emulators.netty.HttpVersionRoutingHandler channelRead
INFO: Detected non-HTTP/2 connection.
Jun 05, 2026 5:26:16 P.M. io.gapi.emulators.netty.HttpVersionRoutingHandler channelRead
INFO: Detected non-HTTP/2 connection.
Jun 05, 2026 5:27:16 P.M. io.gapi.emulators.netty.HttpVersionRoutingHandler channelRead
INFO: Detected non-HTTP/2 connection.
Jun 05, 2026 5:28:16 P.M. io.gapi.emulators.netty.HttpVersionRoutingHandler channelRead
INFO: Detected non-HTTP/2 connection.
Jun 05, 2026 5:29:16 P.M. io.gapi.emulators.netty.HttpVersionRoutingHandler channelRead
INFO: Detected non-HTTP/2 connection.
Jun 05, 2026 5:30:08 P.M. io.gapi.emulators.netty.HttpVersionRoutingHandler channelRead
INFO: Detected non-HTTP/2 connection.
Jun 05, 2026 5:30:37 P.M. io.netty.channel.DefaultChannelPipeline onUnhandledInboundException
WARNING: An exceptionCaught() event was fired, and it reached at the tail of the pipeline. It usually means the last handler in the pipeline did not handle the exception.
java.net.SocketException: Connection reset
	at java.base/sun.nio.ch.SocketChannelImpl.throwConnectionReset(SocketChannelImpl.java:401)
	at java.base/sun.nio.ch.SocketChannelImpl.read(SocketChannelImpl.java:434)
	at io.netty.buffer.PooledByteBuf.setBytes(PooledByteBuf.java:255)
	at io.netty.buffer.AbstractByteBuf.writeBytes(AbstractByteBuf.java:1132)
	at io.netty.channel.socket.nio.NioSocketChannel.doReadBytes(NioSocketChannel.java:356)
	at io.netty.channel.nio.AbstractNioByteChannel$NioByteUnsafe.read(AbstractNioByteChannel.java:156)
	at io.netty.channel.nio.NioEventLoop.processSelectedKey(NioEventLoop.java:796)
	at io.netty.channel.nio.NioEventLoop.processSelectedKeysOptimized(NioEventLoop.java:732)
	at io.netty.channel.nio.NioEventLoop.processSelectedKeys(NioEventLoop.java:658)
	at io.netty.channel.nio.NioEventLoop.run(NioEventLoop.java:562)
	at io.netty.util.concurrent.SingleThreadEventExecutor$4.run(SingleThreadEventExecutor.java:998)
	at io.netty.util.internal.ThreadExecutorMap$2.run(ThreadExecutorMap.java:74)
	at io.netty.util.concurrent.FastThreadLocalRunnable.run(FastThreadLocalRunnable.java:30)
	at java.base/java.lang.Thread.run(Thread.java:1583)

Jun 05, 2026 5:46:27 P.M. io.gapi.emulators.netty.HttpVersionRoutingHandler channelRead
INFO: Detected HTTP/2 connection.
Jun 05, 2026 6:01:38 P.M. io.gapi.emulators.netty.HttpVersionRoutingHandler channelRead
INFO: Detected non-HTTP/2 connection.
Jun 05, 2026 9:25:32 P.M. io.gapi.emulators.netty.HttpVersionRoutingHandler channelRead
INFO: Detected HTTP/2 connection.
Jun 05, 2026 10:26:33 P.M. io.gapi.emulators.netty.HttpVersionRoutingHandler channelRead
INFO: Detected HTTP/2 connection.
Jun 06, 2026 2:56:52 P.M. io.gapi.emulators.netty.HttpVersionRoutingHandler channelRead
INFO: Detected non-HTTP/2 connection.
Jun 06, 2026 2:56:52 P.M. io.gapi.emulators.netty.HttpVersionRoutingHandler channelRead
INFO: Detected non-HTTP/2 connection.
Jun 06, 2026 2:56:52 P.M. io.gapi.emulators.netty.HttpVersionRoutingHandler channelRead
INFO: Detected non-HTTP/2 connection.
Jun 06, 2026 2:56:52 P.M. io.gapi.emulators.netty.HttpVersionRoutingHandler channelRead
INFO: Detected non-HTTP/2 connection.
Jun 06, 2026 2:56:53 P.M. io.gapi.emulators.netty.HttpVersionRoutingHandler channelRead
INFO: Detected HTTP/2 connection.
Jun 06, 2026 2:57:12 P.M. io.gapi.emulators.netty.HttpVersionRoutingHandler channelRead
INFO: Detected non-HTTP/2 connection.
Jun 06, 2026 2:57:43 P.M. io.gapi.emulators.netty.HttpVersionRoutingHandler channelRead
INFO: Detected non-HTTP/2 connection.
Jun 06, 2026 2:57:43 P.M. io.gapi.emulators.netty.HttpVersionRoutingHandler channelRead
INFO: Detected non-HTTP/2 connection.
Jun 06, 2026 2:57:48 P.M. io.gapi.emulators.netty.HttpVersionRoutingHandler channelRead
INFO: Detected non-HTTP/2 connection.
Jun 06, 2026 2:58:19 P.M. io.gapi.emulators.netty.HttpVersionRoutingHandler channelRead
INFO: Detected non-HTTP/2 connection.
Jun 06, 2026 2:58:22 P.M. io.gapi.emulators.netty.HttpVersionRoutingHandler channelRead
INFO: Detected non-HTTP/2 connection.
Jun 06, 2026 2:58:24 P.M. io.gapi.emulators.netty.HttpVersionRoutingHandler channelRead
INFO: Detected non-HTTP/2 connection.
Jun 06, 2026 2:58:37 P.M. io.gapi.emulators.netty.HttpVersionRoutingHandler channelRead
INFO: Detected non-HTTP/2 connection.
Jun 06, 2026 2:58:42 P.M. io.gapi.emulators.netty.HttpVersionRoutingHandler channelRead
INFO: Detected non-HTTP/2 connection.
Jun 06, 2026 2:58:43 P.M. io.gapi.emulators.netty.HttpVersionRoutingHandler channelRead
INFO: Detected non-HTTP/2 connection.
Jun 06, 2026 2:58:44 P.M. io.gapi.emulators.netty.HttpVersionRoutingHandler channelRead
INFO: Detected non-HTTP/2 connection.
Jun 06, 2026 2:59:12 P.M. io.gapi.emulators.netty.HttpVersionRoutingHandler channelRead
INFO: Detected non-HTTP/2 connection.
Jun 06, 2026 2:59:40 P.M. io.gapi.emulators.netty.HttpVersionRoutingHandler channelRead
INFO: Detected non-HTTP/2 connection.
Jun 06, 2026 2:59:40 P.M. io.gapi.emulators.netty.HttpVersionRoutingHandler channelRead
INFO: Detected non-HTTP/2 connection.
Jun 06, 2026 3:02:30 P.M. io.gapi.emulators.netty.HttpVersionRoutingHandler channelRead
INFO: Detected non-HTTP/2 connection.
Jun 06, 2026 3:03:31 P.M. io.gapi.emulators.netty.HttpVersionRoutingHandler channelRead
INFO: Detected non-HTTP/2 connection.
Jun 06, 2026 3:04:31 P.M. io.gapi.emulators.netty.HttpVersionRoutingHandler channelRead
INFO: Detected non-HTTP/2 connection.
Jun 06, 2026 3:05:31 P.M. io.gapi.emulators.netty.HttpVersionRoutingHandler channelRead
INFO: Detected non-HTTP/2 connection.
Jun 06, 2026 3:06:31 P.M. io.gapi.emulators.netty.HttpVersionRoutingHandler channelRead
INFO: Detected non-HTTP/2 connection.
Jun 06, 2026 3:07:31 P.M. io.gapi.emulators.netty.HttpVersionRoutingHandler channelRead
INFO: Detected non-HTTP/2 connection.
Jun 06, 2026 3:08:31 P.M. io.gapi.emulators.netty.HttpVersionRoutingHandler channelRead
INFO: Detected non-HTTP/2 connection.
Jun 06, 2026 3:09:31 P.M. io.gapi.emulators.netty.HttpVersionRoutingHandler channelRead
INFO: Detected non-HTTP/2 connection.
Jun 06, 2026 3:10:31 P.M. io.gapi.emulators.netty.HttpVersionRoutingHandler channelRead
INFO: Detected non-HTTP/2 connection.
Jun 06, 2026 3:11:31 P.M. io.gapi.emulators.netty.HttpVersionRoutingHandler channelRead
INFO: Detected non-HTTP/2 connection.
Jun 06, 2026 3:12:31 P.M. io.gapi.emulators.netty.HttpVersionRoutingHandler channelRead
INFO: Detected non-HTTP/2 connection.
Jun 06, 2026 3:13:19 P.M. io.gapi.emulators.netty.HttpVersionRoutingHandler channelRead
INFO: Detected non-HTTP/2 connection.
Jun 06, 2026 3:14:19 P.M. io.gapi.emulators.netty.HttpVersionRoutingHandler channelRead
INFO: Detected non-HTTP/2 connection.
Jun 06, 2026 3:15:19 P.M. io.gapi.emulators.netty.HttpVersionRoutingHandler channelRead
INFO: Detected non-HTTP/2 connection.
Jun 06, 2026 3:16:19 P.M. io.gapi.emulators.netty.HttpVersionRoutingHandler channelRead
INFO: Detected non-HTTP/2 connection.
Jun 06, 2026 3:17:19 P.M. io.gapi.emulators.netty.HttpVersionRoutingHandler channelRead
INFO: Detected non-HTTP/2 connection.
Jun 06, 2026 3:18:19 P.M. io.gapi.emulators.netty.HttpVersionRoutingHandler channelRead
INFO: Detected non-HTTP/2 connection.
Jun 06, 2026 3:19:19 P.M. io.gapi.emulators.netty.HttpVersionRoutingHandler channelRead
INFO: Detected non-HTTP/2 connection.
Jun 06, 2026 3:20:20 P.M. io.gapi.emulators.netty.HttpVersionRoutingHandler channelRead
INFO: Detected non-HTTP/2 connection.
Jun 06, 2026 3:21:20 P.M. io.gapi.emulators.netty.HttpVersionRoutingHandler channelRead
INFO: Detected non-HTTP/2 connection.
Jun 06, 2026 3:22:20 P.M. io.gapi.emulators.netty.HttpVersionRoutingHandler channelRead
INFO: Detected non-HTTP/2 connection.
Jun 06, 2026 3:23:15 P.M. io.gapi.emulators.netty.HttpVersionRoutingHandler channelRead
INFO: Detected non-HTTP/2 connection.
Jun 06, 2026 3:24:02 P.M. io.gapi.emulators.netty.HttpVersionRoutingHandler channelRead
INFO: Detected non-HTTP/2 connection.
Jun 06, 2026 3:24:45 P.M. io.gapi.emulators.netty.HttpVersionRoutingHandler channelRead
INFO: Detected non-HTTP/2 connection.
Jun 06, 2026 3:26:03 P.M. io.gapi.emulators.netty.HttpVersionRoutingHandler channelRead
INFO: Detected non-HTTP/2 connection.
Jun 06, 2026 3:27:00 P.M. io.gapi.emulators.netty.HttpVersionRoutingHandler channelRead
INFO: Detected non-HTTP/2 connection.
Jun 06, 2026 3:28:16 P.M. io.gapi.emulators.netty.HttpVersionRoutingHandler channelRead
INFO: Detected non-HTTP/2 connection.
Jun 06, 2026 3:29:15 P.M. io.gapi.emulators.netty.HttpVersionRoutingHandler channelRead
INFO: Detected non-HTTP/2 connection.
Jun 06, 2026 3:30:15 P.M. io.gapi.emulators.netty.HttpVersionRoutingHandler channelRead
INFO: Detected non-HTTP/2 connection.
Jun 06, 2026 3:31:31 P.M. io.gapi.emulators.netty.HttpVersionRoutingHandler channelRead
INFO: Detected non-HTTP/2 connection.
Jun 06, 2026 3:32:31 P.M. io.gapi.emulators.netty.HttpVersionRoutingHandler channelRead
INFO: Detected non-HTTP/2 connection.
Jun 06, 2026 3:33:31 P.M. io.gapi.emulators.netty.HttpVersionRoutingHandler channelRead
INFO: Detected non-HTTP/2 connection.
Jun 06, 2026 3:34:31 P.M. io.gapi.emulators.netty.HttpVersionRoutingHandler channelRead
INFO: Detected non-HTTP/2 connection.
Jun 06, 2026 3:35:31 P.M. io.gapi.emulators.netty.HttpVersionRoutingHandler channelRead
INFO: Detected non-HTTP/2 connection.
Jun 06, 2026 3:36:31 P.M. io.gapi.emulators.netty.HttpVersionRoutingHandler channelRead
INFO: Detected non-HTTP/2 connection.
Jun 06, 2026 3:37:15 P.M. io.gapi.emulators.netty.HttpVersionRoutingHandler channelRead
INFO: Detected non-HTTP/2 connection.
Jun 06, 2026 3:37:54 P.M. io.gapi.emulators.netty.HttpVersionRoutingHandler channelRead
INFO: Detected non-HTTP/2 connection.
Jun 06, 2026 3:37:54 P.M. io.gapi.emulators.netty.HttpVersionRoutingHandler channelRead
INFO: Detected non-HTTP/2 connection.
Jun 06, 2026 3:37:54 P.M. io.gapi.emulators.netty.HttpVersionRoutingHandler channelRead
INFO: Detected non-HTTP/2 connection.
Jun 06, 2026 5:30:02 P.M. io.gapi.emulators.netty.HttpVersionRoutingHandler channelRead
INFO: Detected non-HTTP/2 connection.
Jun 06, 2026 6:03:44 P.M. io.gapi.emulators.netty.HttpVersionRoutingHandler channelRead
INFO: Detected non-HTTP/2 connection.
Jun 06, 2026 6:03:44 P.M. io.gapi.emulators.netty.HttpVersionRoutingHandler channelRead
INFO: Detected non-HTTP/2 connection.
Jun 06, 2026 6:03:44 P.M. io.gapi.emulators.netty.HttpVersionRoutingHandler channelRead
INFO: Detected non-HTTP/2 connection.
Jun 06, 2026 6:03:44 P.M. io.gapi.emulators.netty.HttpVersionRoutingHandler channelRead
INFO: Detected non-HTTP/2 connection.
Jun 06, 2026 6:03:44 P.M. io.gapi.emulators.netty.HttpVersionRoutingHandler channelRead
INFO: Detected non-HTTP/2 connection.
Jun 06, 2026 6:03:44 P.M. io.gapi.emulators.netty.HttpVersionRoutingHandler channelRead
INFO: Detected non-HTTP/2 connection.
Jun 06, 2026 6:03:49 P.M. io.gapi.emulators.netty.HttpVersionRoutingHandler channelRead
INFO: Detected non-HTTP/2 connection.
Jun 06, 2026 6:03:49 P.M. io.gapi.emulators.netty.HttpVersionRoutingHandler channelRead
INFO: Detected non-HTTP/2 connection.
Jun 06, 2026 6:03:49 P.M. io.gapi.emulators.netty.HttpVersionRoutingHandler channelRead
INFO: Detected non-HTTP/2 connection.
Jun 06, 2026 6:03:49 P.M. io.gapi.emulators.netty.HttpVersionRoutingHandler channelRead
INFO: Detected non-HTTP/2 connection.
Jun 06, 2026 6:03:49 P.M. io.gapi.emulators.netty.HttpVersionRoutingHandler channelRead
INFO: Detected non-HTTP/2 connection.
Jun 06, 2026 6:04:09 P.M. io.gapi.emulators.netty.HttpVersionRoutingHandler channelRead
INFO: Detected non-HTTP/2 connection.
Jun 06, 2026 6:04:09 P.M. io.gapi.emulators.netty.HttpVersionRoutingHandler channelRead
INFO: Detected non-HTTP/2 connection.
Jun 06, 2026 6:04:09 P.M. io.gapi.emulators.netty.HttpVersionRoutingHandler channelRead
INFO: Detected non-HTTP/2 connection.
Jun 06, 2026 6:04:09 P.M. io.gapi.emulators.netty.HttpVersionRoutingHandler channelRead
INFO: Detected non-HTTP/2 connection.
Jun 06, 2026 6:04:14 P.M. io.gapi.emulators.netty.HttpVersionRoutingHandler channelRead
INFO: Detected HTTP/2 connection.
Jun 06, 2026 6:04:27 P.M. io.gapi.emulators.netty.HttpVersionRoutingHandler channelRead
INFO: Detected non-HTTP/2 connection.
Jun 06, 2026 6:04:27 P.M. io.gapi.emulators.netty.HttpVersionRoutingHandler channelRead
INFO: Detected non-HTTP/2 connection.
Jun 06, 2026 6:04:27 P.M. io.gapi.emulators.netty.HttpVersionRoutingHandler channelRead
INFO: Detected non-HTTP/2 connection.
Jun 06, 2026 6:04:27 P.M. io.gapi.emulators.netty.HttpVersionRoutingHandler channelRead
INFO: Detected non-HTTP/2 connection.
Jun 06, 2026 6:04:27 P.M. io.gapi.emulators.netty.HttpVersionRoutingHandler channelRead
INFO: Detected non-HTTP/2 connection.
Jun 06, 2026 6:04:27 P.M. io.gapi.emulators.netty.HttpVersionRoutingHandler channelRead
INFO: Detected non-HTTP/2 connection.
Jun 06, 2026 6:05:27 P.M. io.gapi.emulators.netty.HttpVersionRoutingHandler channelRead
INFO: Detected non-HTTP/2 connection.
Jun 06, 2026 6:05:27 P.M. io.gapi.emulators.netty.HttpVersionRoutingHandler channelRead
INFO: Detected non-HTTP/2 connection.
Jun 06, 2026 6:05:27 P.M. com.google.cloud.datastore.emulator.firestore.webchannel.FirestoreV1WebChannelAdapter$FirestoreListenHandler onClose
INFO: channel closed
Jun 06, 2026 6:05:27 P.M. com.google.cloud.datastore.emulator.firestore.webchannel.FirestoreV1WebChannelAdapter$FirestoreWriteHandler onClose
INFO: channel closed
Jun 06, 2026 6:06:12 P.M. io.gapi.emulators.netty.HttpVersionRoutingHandler channelRead
INFO: Detected non-HTTP/2 connection.
Jun 06, 2026 6:06:12 P.M. io.gapi.emulators.netty.HttpVersionRoutingHandler channelRead
INFO: Detected non-HTTP/2 connection.
Jun 06, 2026 6:06:12 P.M. io.gapi.emulators.netty.HttpVersionRoutingHandler channelRead
INFO: Detected non-HTTP/2 connection.
Jun 06, 2026 6:06:12 P.M. io.gapi.emulators.netty.HttpVersionRoutingHandler channelRead
INFO: Detected non-HTTP/2 connection.
Jun 06, 2026 6:06:12 P.M. io.gapi.emulators.netty.HttpVersionRoutingHandler channelRead
INFO: Detected non-HTTP/2 connection.
Jun 06, 2026 6:06:12 P.M. io.gapi.emulators.netty.HttpVersionRoutingHandler channelRead
INFO: Detected non-HTTP/2 connection.
Jun 06, 2026 6:06:12 P.M. io.gapi.emulators.netty.HttpVersionRoutingHandler channelRead
INFO: Detected HTTP/2 connection.
Jun 06, 2026 6:06:52 P.M. io.gapi.emulators.netty.HttpVersionRoutingHandler channelRead
INFO: Detected non-HTTP/2 connection.
Jun 06, 2026 6:06:56 P.M. io.gapi.emulators.netty.HttpVersionRoutingHandler channelRead
INFO: Detected non-HTTP/2 connection.
Jun 06, 2026 6:06:56 P.M. io.gapi.emulators.netty.HttpVersionRoutingHandler channelRead
INFO: Detected non-HTTP/2 connection.
Jun 06, 2026 6:06:56 P.M. io.gapi.emulators.netty.HttpVersionRoutingHandler channelRead
INFO: Detected non-HTTP/2 connection.
Jun 06, 2026 6:06:56 P.M. io.gapi.emulators.netty.HttpVersionRoutingHandler channelRead
INFO: Detected non-HTTP/2 connection.
Jun 06, 2026 6:06:56 P.M. io.gapi.emulators.netty.HttpVersionRoutingHandler channelRead
INFO: Detected non-HTTP/2 connection.
Jun 06, 2026 6:06:56 P.M. io.gapi.emulators.netty.HttpVersionRoutingHandler channelRead
INFO: Detected non-HTTP/2 connection.
Jun 06, 2026 6:07:01 P.M. io.gapi.emulators.netty.HttpVersionRoutingHandler channelRead
INFO: Detected non-HTTP/2 connection.
Jun 06, 2026 6:07:01 P.M. io.gapi.emulators.netty.HttpVersionRoutingHandler channelRead
INFO: Detected non-HTTP/2 connection.
Jun 06, 2026 6:07:01 P.M. io.gapi.emulators.netty.HttpVersionRoutingHandler channelRead
INFO: Detected non-HTTP/2 connection.
Jun 06, 2026 6:07:01 P.M. io.gapi.emulators.netty.HttpVersionRoutingHandler channelRead
INFO: Detected non-HTTP/2 connection.
Jun 06, 2026 6:07:01 P.M. io.gapi.emulators.netty.HttpVersionRoutingHandler channelRead
INFO: Detected non-HTTP/2 connection.
Jun 06, 2026 6:07:02 P.M. io.gapi.emulators.netty.HttpVersionRoutingHandler channelRead
INFO: Detected non-HTTP/2 connection.
Jun 06, 2026 6:07:14 P.M. io.gapi.emulators.netty.HttpVersionRoutingHandler channelRead
INFO: Detected non-HTTP/2 connection.
Jun 06, 2026 6:07:14 P.M. io.gapi.emulators.netty.HttpVersionRoutingHandler channelRead
INFO: Detected non-HTTP/2 connection.
Jun 06, 2026 6:07:14 P.M. io.gapi.emulators.netty.HttpVersionRoutingHandler channelRead
INFO: Detected non-HTTP/2 connection.
Jun 06, 2026 6:07:14 P.M. io.gapi.emulators.netty.HttpVersionRoutingHandler channelRead
INFO: Detected non-HTTP/2 connection.
Jun 06, 2026 6:07:14 P.M. io.gapi.emulators.netty.HttpVersionRoutingHandler channelRead
INFO: Detected non-HTTP/2 connection.
Jun 06, 2026 6:07:19 P.M. io.gapi.emulators.netty.HttpVersionRoutingHandler channelRead
INFO: Detected non-HTTP/2 connection.
Jun 06, 2026 6:07:19 P.M. io.gapi.emulators.netty.HttpVersionRoutingHandler channelRead
INFO: Detected non-HTTP/2 connection.
Jun 06, 2026 6:07:19 P.M. io.gapi.emulators.netty.HttpVersionRoutingHandler channelRead
INFO: Detected non-HTTP/2 connection.
Jun 06, 2026 6:07:19 P.M. io.gapi.emulators.netty.HttpVersionRoutingHandler channelRead
INFO: Detected non-HTTP/2 connection.
Jun 06, 2026 6:07:40 P.M. io.gapi.emulators.netty.HttpVersionRoutingHandler channelRead
INFO: Detected non-HTTP/2 connection.
Jun 06, 2026 6:07:44 P.M. io.gapi.emulators.netty.HttpVersionRoutingHandler channelRead
INFO: Detected non-HTTP/2 connection.
Jun 06, 2026 6:07:52 P.M. com.google.cloud.datastore.emulator.firestore.webchannel.FirestoreV1WebChannelAdapter$FirestoreWriteHandler onClose
INFO: channel closed
Jun 06, 2026 6:08:00 P.M. io.gapi.emulators.netty.HttpVersionRoutingHandler channelRead
INFO: Detected non-HTTP/2 connection.
Jun 06, 2026 6:08:04 P.M. io.gapi.emulators.netty.HttpVersionRoutingHandler channelRead
INFO: Detected non-HTTP/2 connection.
Jun 06, 2026 6:08:14 P.M. io.gapi.emulators.netty.HttpVersionRoutingHandler channelRead
INFO: Detected non-HTTP/2 connection.
Jun 06, 2026 6:08:14 P.M. com.google.cloud.datastore.emulator.firestore.webchannel.FirestoreV1WebChannelAdapter$FirestoreWriteHandler onClose
INFO: channel closed
Jun 06, 2026 6:08:19 P.M. io.gapi.emulators.netty.HttpVersionRoutingHandler channelRead
INFO: Detected non-HTTP/2 connection.
Jun 06, 2026 6:08:19 P.M. com.google.cloud.datastore.emulator.firestore.webchannel.FirestoreV1WebChannelAdapter$FirestoreListenHandler onClose
INFO: channel closed
Jun 06, 2026 6:08:20 P.M. io.gapi.emulators.netty.HttpVersionRoutingHandler channelRead
INFO: Detected non-HTTP/2 connection.
Jun 06, 2026 6:08:22 P.M. io.gapi.emulators.netty.HttpVersionRoutingHandler channelRead
INFO: Detected non-HTTP/2 connection.
Jun 06, 2026 6:08:22 P.M. io.gapi.emulators.netty.HttpVersionRoutingHandler channelRead
INFO: Detected non-HTTP/2 connection.
Jun 06, 2026 6:08:22 P.M. io.gapi.emulators.netty.HttpVersionRoutingHandler channelRead
INFO: Detected non-HTTP/2 connection.
Jun 06, 2026 6:08:22 P.M. io.gapi.emulators.netty.HttpVersionRoutingHandler channelRead
INFO: Detected non-HTTP/2 connection.
Jun 06, 2026 6:08:22 P.M. io.gapi.emulators.netty.HttpVersionRoutingHandler channelRead
INFO: Detected non-HTTP/2 connection.
Jun 06, 2026 6:08:22 P.M. io.gapi.emulators.netty.HttpVersionRoutingHandler channelRead
INFO: Detected non-HTTP/2 connection.
Jun 06, 2026 6:08:22 P.M. io.gapi.emulators.netty.HttpVersionRoutingHandler channelRead
INFO: Detected non-HTTP/2 connection.
Jun 06, 2026 6:08:22 P.M. io.gapi.emulators.netty.HttpVersionRoutingHandler channelRead
INFO: Detected non-HTTP/2 connection.
Jun 06, 2026 6:08:26 P.M. io.gapi.emulators.netty.HttpVersionRoutingHandler channelRead
INFO: Detected non-HTTP/2 connection.
Jun 06, 2026 6:08:26 P.M. io.gapi.emulators.netty.HttpVersionRoutingHandler channelRead
INFO: Detected non-HTTP/2 connection.
Jun 06, 2026 6:08:26 P.M. io.gapi.emulators.netty.HttpVersionRoutingHandler channelRead
INFO: Detected non-HTTP/2 connection.
Jun 06, 2026 6:08:26 P.M. io.gapi.emulators.netty.HttpVersionRoutingHandler channelRead
INFO: Detected non-HTTP/2 connection.
Jun 06, 2026 6:08:28 P.M. io.gapi.emulators.netty.HttpVersionRoutingHandler channelRead
INFO: Detected non-HTTP/2 connection.
Jun 06, 2026 6:08:28 P.M. io.gapi.emulators.netty.HttpVersionRoutingHandler channelRead
INFO: Detected non-HTTP/2 connection.
Jun 06, 2026 6:08:28 P.M. io.gapi.emulators.netty.HttpVersionRoutingHandler channelRead
INFO: Detected non-HTTP/2 connection.
Jun 06, 2026 6:08:28 P.M. io.gapi.emulators.netty.HttpVersionRoutingHandler channelRead
INFO: Detected non-HTTP/2 connection.
Jun 06, 2026 6:08:28 P.M. io.gapi.emulators.netty.HttpVersionRoutingHandler channelRead
INFO: Detected non-HTTP/2 connection.
Jun 06, 2026 6:08:32 P.M. io.gapi.emulators.netty.HttpVersionRoutingHandler channelRead
INFO: Detected non-HTTP/2 connection.
Jun 06, 2026 6:08:32 P.M. io.gapi.emulators.netty.HttpVersionRoutingHandler channelRead
INFO: Detected non-HTTP/2 connection.
Jun 06, 2026 6:08:32 P.M. com.google.cloud.datastore.emulator.firestore.webchannel.FirestoreV1WebChannelAdapter$FirestoreWriteHandler onClose
INFO: channel closed
Jun 06, 2026 6:08:32 P.M. com.google.cloud.datastore.emulator.firestore.webchannel.FirestoreV1WebChannelAdapter$FirestoreListenHandler onClose
INFO: channel closed
Jun 06, 2026 6:09:50 P.M. io.gapi.emulators.netty.HttpVersionRoutingHandler channelRead
INFO: Detected non-HTTP/2 connection.
Jun 06, 2026 6:10:50 P.M. io.gapi.emulators.netty.HttpVersionRoutingHandler channelRead
INFO: Detected non-HTTP/2 connection.
Jun 06, 2026 6:11:51 P.M. io.gapi.emulators.netty.HttpVersionRoutingHandler channelRead
INFO: Detected non-HTTP/2 connection.
Jun 06, 2026 6:12:51 P.M. io.gapi.emulators.netty.HttpVersionRoutingHandler channelRead
INFO: Detected non-HTTP/2 connection.
Jun 06, 2026 6:14:01 P.M. io.gapi.emulators.netty.HttpVersionRoutingHandler channelRead
INFO: Detected non-HTTP/2 connection.
Jun 06, 2026 6:15:01 P.M. io.gapi.emulators.netty.HttpVersionRoutingHandler channelRead
INFO: Detected non-HTTP/2 connection.
Jun 06, 2026 6:16:01 P.M. io.gapi.emulators.netty.HttpVersionRoutingHandler channelRead
INFO: Detected non-HTTP/2 connection.
Jun 06, 2026 6:16:27 P.M. io.gapi.emulators.netty.HttpVersionRoutingHandler channelRead
INFO: Detected non-HTTP/2 connection.
Jun 06, 2026 6:16:49 P.M. io.gapi.emulators.netty.HttpVersionRoutingHandler channelRead
INFO: Detected non-HTTP/2 connection.
Jun 06, 2026 6:17:52 P.M. io.gapi.emulators.netty.HttpVersionRoutingHandler channelRead
INFO: Detected non-HTTP/2 connection.
Jun 06, 2026 6:19:03 P.M. io.gapi.emulators.netty.HttpVersionRoutingHandler channelRead
INFO: Detected non-HTTP/2 connection.
Jun 06, 2026 6:20:43 P.M. io.gapi.emulators.netty.HttpVersionRoutingHandler channelRead
INFO: Detected non-HTTP/2 connection.
Jun 06, 2026 6:20:43 P.M. io.gapi.emulators.netty.HttpVersionRoutingHandler channelRead
INFO: Detected non-HTTP/2 connection.
Jun 06, 2026 6:20:43 P.M. io.gapi.emulators.netty.HttpVersionRoutingHandler channelRead
INFO: Detected non-HTTP/2 connection.
Jun 06, 2026 6:20:43 P.M. io.gapi.emulators.netty.HttpVersionRoutingHandler channelRead
INFO: Detected non-HTTP/2 connection.
Jun 06, 2026 6:20:43 P.M. io.gapi.emulators.netty.HttpVersionRoutingHandler channelRead
INFO: Detected non-HTTP/2 connection.
Jun 06, 2026 6:20:43 P.M. io.gapi.emulators.netty.HttpVersionRoutingHandler channelRead
INFO: Detected non-HTTP/2 connection.
Jun 06, 2026 6:20:48 P.M. io.gapi.emulators.netty.HttpVersionRoutingHandler channelRead
INFO: Detected non-HTTP/2 connection.
Jun 06, 2026 6:20:48 P.M. io.gapi.emulators.netty.HttpVersionRoutingHandler channelRead
INFO: Detected non-HTTP/2 connection.
Jun 06, 2026 6:20:48 P.M. io.gapi.emulators.netty.HttpVersionRoutingHandler channelRead
INFO: Detected non-HTTP/2 connection.
Jun 06, 2026 6:20:48 P.M. io.gapi.emulators.netty.HttpVersionRoutingHandler channelRead
INFO: Detected non-HTTP/2 connection.
Jun 06, 2026 6:20:48 P.M. io.gapi.emulators.netty.HttpVersionRoutingHandler channelRead
INFO: Detected non-HTTP/2 connection.
Jun 06, 2026 6:21:09 P.M. io.gapi.emulators.netty.HttpVersionRoutingHandler channelRead
INFO: Detected non-HTTP/2 connection.
Jun 06, 2026 6:21:09 P.M. io.gapi.emulators.netty.HttpVersionRoutingHandler channelRead
INFO: Detected non-HTTP/2 connection.
Jun 06, 2026 6:21:09 P.M. io.gapi.emulators.netty.HttpVersionRoutingHandler channelRead
INFO: Detected non-HTTP/2 connection.
Jun 06, 2026 6:21:31 P.M. com.google.cloud.datastore.emulator.firestore.webchannel.FirestoreV1WebChannelAdapter$FirestoreListenHandler onClose
INFO: channel closed
Jun 06, 2026 6:21:33 P.M. io.gapi.emulators.netty.HttpVersionRoutingHandler channelRead
INFO: Detected non-HTTP/2 connection.
Jun 06, 2026 6:21:48 P.M. io.gapi.emulators.netty.HttpVersionRoutingHandler channelRead
INFO: Detected non-HTTP/2 connection.
Jun 06, 2026 6:21:48 P.M. io.gapi.emulators.netty.HttpVersionRoutingHandler channelRead
INFO: Detected non-HTTP/2 connection.
Jun 06, 2026 6:21:48 P.M. com.google.cloud.datastore.emulator.firestore.webchannel.FirestoreV1WebChannelAdapter$FirestoreWriteHandler onClose
INFO: channel closed
Jun 06, 2026 6:21:48 P.M. com.google.cloud.datastore.emulator.firestore.webchannel.FirestoreV1WebChannelAdapter$FirestoreListenHandler onClose
INFO: channel closed
Jun 06, 2026 6:32:05 P.M. io.gapi.emulators.netty.HttpVersionRoutingHandler channelRead
INFO: Detected non-HTTP/2 connection.
Jun 06, 2026 6:32:05 P.M. io.gapi.emulators.netty.HttpVersionRoutingHandler channelRead
INFO: Detected non-HTTP/2 connection.
Jun 06, 2026 6:32:05 P.M. io.gapi.emulators.netty.HttpVersionRoutingHandler channelRead
INFO: Detected non-HTTP/2 connection.
Jun 06, 2026 6:32:05 P.M. io.gapi.emulators.netty.HttpVersionRoutingHandler channelRead
INFO: Detected non-HTTP/2 connection.
Jun 06, 2026 6:32:05 P.M. io.gapi.emulators.netty.HttpVersionRoutingHandler channelRead
INFO: Detected non-HTTP/2 connection.
Jun 06, 2026 6:32:05 P.M. io.gapi.emulators.netty.HttpVersionRoutingHandler channelRead
INFO: Detected non-HTTP/2 connection.
Jun 06, 2026 6:32:18 P.M. com.google.cloud.datastore.emulator.firestore.websocket.WebSocketChannelHandler channelClosed
INFO: Websocket client disconnected
Jun 06, 2026 6:32:19 P.M. com.google.cloud.datastore.emulator.firestore.websocket.WebSocketChannelHandler initChannel
INFO: Connected to new websocket client
Jun 06, 2026 6:32:26 P.M. io.gapi.emulators.netty.HttpVersionRoutingHandler channelRead
INFO: Detected non-HTTP/2 connection.
Jun 06, 2026 6:32:26 P.M. io.gapi.emulators.netty.HttpVersionRoutingHandler channelRead
INFO: Detected non-HTTP/2 connection.
Jun 06, 2026 6:32:26 P.M. io.gapi.emulators.netty.HttpVersionRoutingHandler channelRead
INFO: Detected non-HTTP/2 connection.
Jun 06, 2026 6:32:28 P.M. io.gapi.emulators.netty.HttpVersionRoutingHandler channelRead
INFO: Detected non-HTTP/2 connection.
Jun 06, 2026 6:32:28 P.M. io.gapi.emulators.netty.HttpVersionRoutingHandler channelRead
INFO: Detected non-HTTP/2 connection.
Jun 06, 2026 6:32:41 P.M. io.gapi.emulators.netty.HttpVersionRoutingHandler channelRead
INFO: Detected non-HTTP/2 connection.
Jun 06, 2026 6:32:41 P.M. io.gapi.emulators.netty.HttpVersionRoutingHandler channelRead
INFO: Detected non-HTTP/2 connection.
Jun 06, 2026 6:32:41 P.M. io.gapi.emulators.netty.HttpVersionRoutingHandler channelRead
INFO: Detected non-HTTP/2 connection.
Jun 06, 2026 6:32:41 P.M. io.gapi.emulators.netty.HttpVersionRoutingHandler channelRead
INFO: Detected non-HTTP/2 connection.
Jun 06, 2026 6:32:41 P.M. io.gapi.emulators.netty.HttpVersionRoutingHandler channelRead
INFO: Detected non-HTTP/2 connection.
Jun 06, 2026 6:33:11 P.M. io.gapi.emulators.netty.HttpVersionRoutingHandler channelRead
INFO: Detected non-HTTP/2 connection.
Jun 06, 2026 6:33:16 P.M. io.gapi.emulators.netty.HttpVersionRoutingHandler channelRead
INFO: Detected non-HTTP/2 connection.
Jun 06, 2026 6:33:16 P.M. io.gapi.emulators.netty.HttpVersionRoutingHandler channelRead
INFO: Detected non-HTTP/2 connection.
Jun 06, 2026 6:33:16 P.M. com.google.cloud.datastore.emulator.firestore.webchannel.FirestoreV1WebChannelAdapter$FirestoreListenHandler onClose
INFO: channel closed
Jun 06, 2026 6:33:16 P.M. com.google.cloud.datastore.emulator.firestore.webchannel.FirestoreV1WebChannelAdapter$FirestoreWriteHandler onClose
INFO: channel closed
Jun 06, 2026 6:33:28 P.M. io.gapi.emulators.netty.HttpVersionRoutingHandler channelRead
INFO: Detected non-HTTP/2 connection.
Jun 06, 2026 6:33:58 P.M. io.gapi.emulators.netty.HttpVersionRoutingHandler channelRead
INFO: Detected non-HTTP/2 connection.
Jun 06, 2026 6:34:48 P.M. io.gapi.emulators.netty.HttpVersionRoutingHandler channelRead
INFO: Detected non-HTTP/2 connection.
Jun 06, 2026 6:35:59 P.M. io.gapi.emulators.netty.HttpVersionRoutingHandler channelRead
INFO: Detected non-HTTP/2 connection.
Jun 06, 2026 6:36:31 P.M. io.gapi.emulators.netty.HttpVersionRoutingHandler channelRead
INFO: Detected non-HTTP/2 connection.
Jun 06, 2026 6:38:22 P.M. io.gapi.emulators.netty.HttpVersionRoutingHandler channelRead
INFO: Detected non-HTTP/2 connection.
Jun 06, 2026 6:38:22 P.M. io.gapi.emulators.netty.HttpVersionRoutingHandler channelRead
INFO: Detected non-HTTP/2 connection.
Jun 06, 2026 6:38:22 P.M. io.gapi.emulators.netty.HttpVersionRoutingHandler channelRead
INFO: Detected non-HTTP/2 connection.
Jun 06, 2026 6:38:22 P.M. io.gapi.emulators.netty.HttpVersionRoutingHandler channelRead
INFO: Detected non-HTTP/2 connection.
Jun 06, 2026 6:39:09 P.M. io.gapi.emulators.netty.HttpVersionRoutingHandler channelRead
INFO: Detected non-HTTP/2 connection.
Jun 06, 2026 6:39:32 P.M. io.gapi.emulators.netty.HttpVersionRoutingHandler channelRead
INFO: Detected non-HTTP/2 connection.
Jun 06, 2026 6:39:58 P.M. io.gapi.emulators.netty.HttpVersionRoutingHandler channelRead
INFO: Detected non-HTTP/2 connection.
Jun 06, 2026 6:40:28 P.M. io.gapi.emulators.netty.HttpVersionRoutingHandler channelRead
INFO: Detected non-HTTP/2 connection.
Jun 06, 2026 6:41:28 P.M. io.gapi.emulators.netty.HttpVersionRoutingHandler channelRead
INFO: Detected non-HTTP/2 connection.
Jun 06, 2026 6:42:28 P.M. io.gapi.emulators.netty.HttpVersionRoutingHandler channelRead
INFO: Detected non-HTTP/2 connection.
Jun 06, 2026 6:43:18 P.M. io.gapi.emulators.netty.HttpVersionRoutingHandler channelRead
INFO: Detected non-HTTP/2 connection.
Jun 06, 2026 6:43:18 P.M. io.gapi.emulators.netty.HttpVersionRoutingHandler channelRead
INFO: Detected non-HTTP/2 connection.
Jun 06, 2026 6:43:18 P.M. io.gapi.emulators.netty.HttpVersionRoutingHandler channelRead
INFO: Detected non-HTTP/2 connection.
Jun 06, 2026 6:43:18 P.M. io.gapi.emulators.netty.HttpVersionRoutingHandler channelRead
INFO: Detected non-HTTP/2 connection.
Jun 06, 2026 6:43:18 P.M. io.gapi.emulators.netty.HttpVersionRoutingHandler channelRead
INFO: Detected non-HTTP/2 connection.
Jun 06, 2026 6:43:18 P.M. io.gapi.emulators.netty.HttpVersionRoutingHandler channelRead
INFO: Detected non-HTTP/2 connection.
Jun 06, 2026 6:43:18 P.M. io.gapi.emulators.netty.HttpVersionRoutingHandler channelRead
INFO: Detected non-HTTP/2 connection.
Jun 06, 2026 6:43:26 P.M. io.gapi.emulators.netty.HttpVersionRoutingHandler channelRead
INFO: Detected non-HTTP/2 connection.
Jun 06, 2026 6:43:26 P.M. io.gapi.emulators.netty.HttpVersionRoutingHandler channelRead
INFO: Detected non-HTTP/2 connection.
Jun 06, 2026 6:43:26 P.M. io.gapi.emulators.netty.HttpVersionRoutingHandler channelRead
INFO: Detected non-HTTP/2 connection.
Jun 06, 2026 6:43:26 P.M. io.gapi.emulators.netty.HttpVersionRoutingHandler channelRead
INFO: Detected non-HTTP/2 connection.
Jun 06, 2026 6:43:26 P.M. io.gapi.emulators.netty.HttpVersionRoutingHandler channelRead
INFO: Detected non-HTTP/2 connection.
Jun 06, 2026 6:43:30 P.M. io.gapi.emulators.netty.HttpVersionRoutingHandler channelRead
INFO: Detected non-HTTP/2 connection.
Jun 06, 2026 6:43:30 P.M. io.gapi.emulators.netty.HttpVersionRoutingHandler channelRead
INFO: Detected non-HTTP/2 connection.
Jun 06, 2026 6:43:30 P.M. io.gapi.emulators.netty.HttpVersionRoutingHandler channelRead
INFO: Detected non-HTTP/2 connection.
Jun 06, 2026 6:43:30 P.M. io.gapi.emulators.netty.HttpVersionRoutingHandler channelRead
INFO: Detected non-HTTP/2 connection.
Jun 06, 2026 6:43:34 P.M. io.gapi.emulators.netty.HttpVersionRoutingHandler channelRead
INFO: Detected non-HTTP/2 connection.
Jun 06, 2026 6:43:34 P.M. io.gapi.emulators.netty.HttpVersionRoutingHandler channelRead
INFO: Detected non-HTTP/2 connection.
Jun 06, 2026 6:43:34 P.M. io.gapi.emulators.netty.HttpVersionRoutingHandler channelRead
INFO: Detected non-HTTP/2 connection.
Jun 06, 2026 6:43:34 P.M. io.gapi.emulators.netty.HttpVersionRoutingHandler channelRead
INFO: Detected non-HTTP/2 connection.
Jun 06, 2026 6:43:34 P.M. io.gapi.emulators.netty.HttpVersionRoutingHandler channelRead
INFO: Detected non-HTTP/2 connection.
Jun 06, 2026 6:43:36 P.M. io.gapi.emulators.netty.HttpVersionRoutingHandler channelRead
INFO: Detected non-HTTP/2 connection.
Jun 06, 2026 6:43:36 P.M. io.gapi.emulators.netty.HttpVersionRoutingHandler channelRead
INFO: Detected non-HTTP/2 connection.
Jun 06, 2026 6:43:36 P.M. com.google.cloud.datastore.emulator.firestore.webchannel.FirestoreV1WebChannelAdapter$FirestoreWriteHandler onClose
INFO: channel closed
Jun 06, 2026 6:43:36 P.M. com.google.cloud.datastore.emulator.firestore.webchannel.FirestoreV1WebChannelAdapter$FirestoreListenHandler onClose
INFO: channel closed
Jun 06, 2026 6:43:48 P.M. io.gapi.emulators.netty.HttpVersionRoutingHandler channelRead
INFO: Detected non-HTTP/2 connection.
Jun 06, 2026 6:43:49 P.M. io.gapi.emulators.netty.HttpVersionRoutingHandler channelRead
INFO: Detected non-HTTP/2 connection.
Jun 06, 2026 6:43:49 P.M. io.gapi.emulators.netty.HttpVersionRoutingHandler channelRead
INFO: Detected non-HTTP/2 connection.
Jun 06, 2026 6:43:49 P.M. io.gapi.emulators.netty.HttpVersionRoutingHandler channelRead
INFO: Detected non-HTTP/2 connection.
Jun 06, 2026 6:43:49 P.M. io.gapi.emulators.netty.HttpVersionRoutingHandler channelRead
INFO: Detected non-HTTP/2 connection.
Jun 06, 2026 6:43:49 P.M. io.gapi.emulators.netty.HttpVersionRoutingHandler channelRead
INFO: Detected non-HTTP/2 connection.
Jun 06, 2026 6:43:52 P.M. io.gapi.emulators.netty.HttpVersionRoutingHandler channelRead
INFO: Detected HTTP/2 connection.
Jun 06, 2026 6:44:34 P.M. io.gapi.emulators.netty.HttpVersionRoutingHandler channelRead
INFO: Detected non-HTTP/2 connection.
Jun 06, 2026 6:44:52 P.M. io.gapi.emulators.netty.HttpVersionRoutingHandler channelRead
INFO: Detected non-HTTP/2 connection.
Jun 06, 2026 6:44:52 P.M. io.gapi.emulators.netty.HttpVersionRoutingHandler channelRead
INFO: Detected non-HTTP/2 connection.
Jun 06, 2026 6:45:21 P.M. io.netty.channel.DefaultChannelPipeline onUnhandledInboundException
WARNING: An exceptionCaught() event was fired, and it reached at the tail of the pipeline. It usually means the last handler in the pipeline did not handle the exception.
java.net.SocketException: Connection reset
	at java.base/sun.nio.ch.SocketChannelImpl.throwConnectionReset(SocketChannelImpl.java:401)
	at java.base/sun.nio.ch.SocketChannelImpl.read(SocketChannelImpl.java:434)
	at io.netty.buffer.PooledByteBuf.setBytes(PooledByteBuf.java:255)
	at io.netty.buffer.AbstractByteBuf.writeBytes(AbstractByteBuf.java:1132)
	at io.netty.channel.socket.nio.NioSocketChannel.doReadBytes(NioSocketChannel.java:356)
	at io.netty.channel.nio.AbstractNioByteChannel$NioByteUnsafe.read(AbstractNioByteChannel.java:156)
	at io.netty.channel.nio.NioEventLoop.processSelectedKey(NioEventLoop.java:796)
	at io.netty.channel.nio.NioEventLoop.processSelectedKeysOptimized(NioEventLoop.java:732)
	at io.netty.channel.nio.NioEventLoop.processSelectedKeys(NioEventLoop.java:658)
	at io.netty.channel.nio.NioEventLoop.run(NioEventLoop.java:562)
	at io.netty.util.concurrent.SingleThreadEventExecutor$4.run(SingleThreadEventExecutor.java:998)
	at io.netty.util.internal.ThreadExecutorMap$2.run(ThreadExecutorMap.java:74)
	at io.netty.util.concurrent.FastThreadLocalRunnable.run(FastThreadLocalRunnable.java:30)
	at java.base/java.lang.Thread.run(Thread.java:1583)

Jun 06, 2026 6:45:21 P.M. io.netty.channel.DefaultChannelPipeline onUnhandledInboundException
WARNING: An exceptionCaught() event was fired, and it reached at the tail of the pipeline. It usually means the last handler in the pipeline did not handle the exception.
java.net.SocketException: Connection reset
	at java.base/sun.nio.ch.SocketChannelImpl.throwConnectionReset(SocketChannelImpl.java:401)
	at java.base/sun.nio.ch.SocketChannelImpl.read(SocketChannelImpl.java:434)
	at io.netty.buffer.PooledByteBuf.setBytes(PooledByteBuf.java:255)
	at io.netty.buffer.AbstractByteBuf.writeBytes(AbstractByteBuf.java:1132)
	at io.netty.channel.socket.nio.NioSocketChannel.doReadBytes(NioSocketChannel.java:356)
	at io.netty.channel.nio.AbstractNioByteChannel$NioByteUnsafe.read(AbstractNioByteChannel.java:156)
	at io.netty.channel.nio.NioEventLoop.processSelectedKey(NioEventLoop.java:796)
	at io.netty.channel.nio.NioEventLoop.processSelectedKeysOptimized(NioEventLoop.java:732)
	at io.netty.channel.nio.NioEventLoop.processSelectedKeys(NioEventLoop.java:658)
	at io.netty.channel.nio.NioEventLoop.run(NioEventLoop.java:562)
	at io.netty.util.concurrent.SingleThreadEventExecutor$4.run(SingleThreadEventExecutor.java:998)
	at io.netty.util.internal.ThreadExecutorMap$2.run(ThreadExecutorMap.java:74)
	at io.netty.util.concurrent.FastThreadLocalRunnable.run(FastThreadLocalRunnable.java:30)
	at java.base/java.lang.Thread.run(Thread.java:1583)

Jun 06, 2026 6:45:23 P.M. io.netty.channel.DefaultChannelPipeline onUnhandledInboundException
WARNING: An exceptionCaught() event was fired, and it reached at the tail of the pipeline. It usually means the last handler in the pipeline did not handle the exception.
java.net.SocketException: Connection reset
	at java.base/sun.nio.ch.SocketChannelImpl.throwConnectionReset(SocketChannelImpl.java:401)
	at java.base/sun.nio.ch.SocketChannelImpl.read(SocketChannelImpl.java:434)
	at io.netty.buffer.PooledByteBuf.setBytes(PooledByteBuf.java:255)
	at io.netty.buffer.AbstractByteBuf.writeBytes(AbstractByteBuf.java:1132)
	at io.netty.channel.socket.nio.NioSocketChannel.doReadBytes(NioSocketChannel.java:356)
	at io.netty.channel.nio.AbstractNioByteChannel$NioByteUnsafe.read(AbstractNioByteChannel.java:156)
	at io.netty.channel.nio.NioEventLoop.processSelectedKey(NioEventLoop.java:796)
	at io.netty.channel.nio.NioEventLoop.processSelectedKeysOptimized(NioEventLoop.java:732)
	at io.netty.channel.nio.NioEventLoop.processSelectedKeys(NioEventLoop.java:658)
	at io.netty.channel.nio.NioEventLoop.run(NioEventLoop.java:562)
	at io.netty.util.concurrent.SingleThreadEventExecutor$4.run(SingleThreadEventExecutor.java:998)
	at io.netty.util.internal.ThreadExecutorMap$2.run(ThreadExecutorMap.java:74)
	at io.netty.util.concurrent.FastThreadLocalRunnable.run(FastThreadLocalRunnable.java:30)
	at java.base/java.lang.Thread.run(Thread.java:1583)

Jun 06, 2026 6:46:30 P.M. io.gapi.emulators.netty.HttpVersionRoutingHandler channelRead
INFO: Detected HTTP/2 connection.
Jun 06, 2026 6:47:03 P.M. io.gapi.emulators.netty.HttpVersionRoutingHandler channelRead
INFO: Detected non-HTTP/2 connection.
Jun 06, 2026 6:47:03 P.M. io.gapi.emulators.netty.HttpVersionRoutingHandler channelRead
INFO: Detected non-HTTP/2 connection.
Jun 06, 2026 6:47:03 P.M. io.gapi.emulators.netty.HttpVersionRoutingHandler channelRead
INFO: Detected non-HTTP/2 connection.
Jun 06, 2026 6:47:03 P.M. io.gapi.emulators.netty.HttpVersionRoutingHandler channelRead
INFO: Detected non-HTTP/2 connection.
Jun 06, 2026 6:47:03 P.M. io.gapi.emulators.netty.HttpVersionRoutingHandler channelRead
INFO: Detected non-HTTP/2 connection.
Jun 06, 2026 6:47:03 P.M. io.gapi.emulators.netty.HttpVersionRoutingHandler channelRead
INFO: Detected non-HTTP/2 connection.
Jun 06, 2026 6:47:06 P.M. io.gapi.emulators.netty.HttpVersionRoutingHandler channelRead
INFO: Detected non-HTTP/2 connection.
Jun 06, 2026 6:47:06 P.M. io.gapi.emulators.netty.HttpVersionRoutingHandler channelRead
INFO: Detected non-HTTP/2 connection.
Jun 06, 2026 6:47:06 P.M. io.gapi.emulators.netty.HttpVersionRoutingHandler channelRead
INFO: Detected non-HTTP/2 connection.
Jun 06, 2026 6:47:06 P.M. io.gapi.emulators.netty.HttpVersionRoutingHandler channelRead
INFO: Detected non-HTTP/2 connection.
Jun 06, 2026 6:47:06 P.M. io.gapi.emulators.netty.HttpVersionRoutingHandler channelRead
INFO: Detected non-HTTP/2 connection.
Jun 06, 2026 6:47:13 P.M. io.gapi.emulators.netty.HttpVersionRoutingHandler channelRead
INFO: Detected non-HTTP/2 connection.
Jun 06, 2026 6:47:13 P.M. io.gapi.emulators.netty.HttpVersionRoutingHandler channelRead
INFO: Detected non-HTTP/2 connection.
Jun 06, 2026 6:47:13 P.M. io.gapi.emulators.netty.HttpVersionRoutingHandler channelRead
INFO: Detected non-HTTP/2 connection.
Jun 06, 2026 6:47:13 P.M. io.gapi.emulators.netty.HttpVersionRoutingHandler channelRead
INFO: Detected non-HTTP/2 connection.
Jun 06, 2026 6:47:13 P.M. io.gapi.emulators.netty.HttpVersionRoutingHandler channelRead
INFO: Detected non-HTTP/2 connection.
Jun 06, 2026 6:47:13 P.M. io.gapi.emulators.netty.HttpVersionRoutingHandler channelRead
INFO: Detected non-HTTP/2 connection.
Jun 06, 2026 6:47:13 P.M. io.gapi.emulators.netty.HttpVersionRoutingHandler channelRead
INFO: Detected non-HTTP/2 connection.
Jun 06, 2026 6:47:13 P.M. io.gapi.emulators.netty.HttpVersionRoutingHandler channelRead
INFO: Detected non-HTTP/2 connection.
Jun 06, 2026 6:48:13 P.M. io.gapi.emulators.netty.HttpVersionRoutingHandler channelRead
INFO: Detected non-HTTP/2 connection.
Jun 06, 2026 6:48:13 P.M. io.gapi.emulators.netty.HttpVersionRoutingHandler channelRead
INFO: Detected non-HTTP/2 connection.
Jun 06, 2026 6:48:13 P.M. com.google.cloud.datastore.emulator.firestore.webchannel.FirestoreV1WebChannelAdapter$FirestoreWriteHandler onClose
INFO: channel closed
Jun 06, 2026 6:48:13 P.M. com.google.cloud.datastore.emulator.firestore.webchannel.FirestoreV1WebChannelAdapter$FirestoreListenHandler onClose
INFO: channel closed
Jun 06, 2026 6:52:53 P.M. io.gapi.emulators.netty.HttpVersionRoutingHandler channelRead
INFO: Detected non-HTTP/2 connection.
Jun 06, 2026 6:52:53 P.M. io.gapi.emulators.netty.HttpVersionRoutingHandler channelRead
INFO: Detected non-HTTP/2 connection.
Jun 06, 2026 6:52:53 P.M. io.gapi.emulators.netty.HttpVersionRoutingHandler channelRead
INFO: Detected non-HTTP/2 connection.
Jun 06, 2026 6:52:53 P.M. io.gapi.emulators.netty.HttpVersionRoutingHandler channelRead
INFO: Detected non-HTTP/2 connection.
Jun 06, 2026 6:52:53 P.M. io.gapi.emulators.netty.HttpVersionRoutingHandler channelRead
INFO: Detected non-HTTP/2 connection.
Jun 06, 2026 6:53:53 P.M. io.gapi.emulators.netty.HttpVersionRoutingHandler channelRead
INFO: Detected non-HTTP/2 connection.
Jun 06, 2026 6:53:53 P.M. io.gapi.emulators.netty.HttpVersionRoutingHandler channelRead
INFO: Detected non-HTTP/2 connection.
Jun 06, 2026 6:53:53 P.M. com.google.cloud.datastore.emulator.firestore.webchannel.FirestoreV1WebChannelAdapter$FirestoreWriteHandler onClose
INFO: channel closed
Jun 06, 2026 6:53:55 P.M. io.gapi.emulators.netty.HttpVersionRoutingHandler channelRead
INFO: Detected non-HTTP/2 connection.
Jun 06, 2026 6:53:55 P.M. io.gapi.emulators.netty.HttpVersionRoutingHandler channelRead
INFO: Detected non-HTTP/2 connection.
Jun 06, 2026 6:53:55 P.M. io.gapi.emulators.netty.HttpVersionRoutingHandler channelRead
INFO: Detected non-HTTP/2 connection.
Jun 06, 2026 6:53:55 P.M. io.gapi.emulators.netty.HttpVersionRoutingHandler channelRead
INFO: Detected non-HTTP/2 connection.
Jun 06, 2026 6:53:55 P.M. io.gapi.emulators.netty.HttpVersionRoutingHandler channelRead
INFO: Detected non-HTTP/2 connection.
Jun 06, 2026 6:53:59 P.M. io.gapi.emulators.netty.HttpVersionRoutingHandler channelRead
INFO: Detected non-HTTP/2 connection.
Jun 06, 2026 6:53:59 P.M. io.gapi.emulators.netty.HttpVersionRoutingHandler channelRead
INFO: Detected non-HTTP/2 connection.
Jun 06, 2026 6:53:59 P.M. io.gapi.emulators.netty.HttpVersionRoutingHandler channelRead
INFO: Detected non-HTTP/2 connection.
Jun 06, 2026 6:53:59 P.M. io.gapi.emulators.netty.HttpVersionRoutingHandler channelRead
INFO: Detected non-HTTP/2 connection.
Jun 06, 2026 6:53:59 P.M. io.gapi.emulators.netty.HttpVersionRoutingHandler channelRead
INFO: Detected non-HTTP/2 connection.
Jun 06, 2026 6:54:04 P.M. io.gapi.emulators.netty.HttpVersionRoutingHandler channelRead
INFO: Detected non-HTTP/2 connection.
Jun 06, 2026 6:54:04 P.M. io.gapi.emulators.netty.HttpVersionRoutingHandler channelRead
INFO: Detected non-HTTP/2 connection.
Jun 06, 2026 6:54:17 P.M. io.gapi.emulators.netty.HttpVersionRoutingHandler channelRead
INFO: Detected non-HTTP/2 connection.
Jun 06, 2026 6:54:17 P.M. io.gapi.emulators.netty.HttpVersionRoutingHandler channelRead
INFO: Detected non-HTTP/2 connection.
Jun 06, 2026 6:54:17 P.M. com.google.cloud.datastore.emulator.firestore.webchannel.FirestoreV1WebChannelAdapter$FirestoreWriteHandler onClose
INFO: channel closed
Jun 06, 2026 6:54:17 P.M. com.google.cloud.datastore.emulator.firestore.webchannel.FirestoreV1WebChannelAdapter$FirestoreListenHandler onClose
INFO: channel closed
Jun 06, 2026 6:54:52 P.M. io.gapi.emulators.netty.HttpVersionRoutingHandler channelRead
INFO: Detected non-HTTP/2 connection.
Jun 06, 2026 6:54:52 P.M. io.gapi.emulators.netty.HttpVersionRoutingHandler channelRead
INFO: Detected non-HTTP/2 connection.
Jun 06, 2026 6:54:52 P.M. io.gapi.emulators.netty.HttpVersionRoutingHandler channelRead
INFO: Detected non-HTTP/2 connection.
Jun 06, 2026 6:54:52 P.M. io.gapi.emulators.netty.HttpVersionRoutingHandler channelRead
INFO: Detected non-HTTP/2 connection.
Jun 06, 2026 6:55:00 P.M. io.gapi.emulators.netty.HttpVersionRoutingHandler channelRead
INFO: Detected non-HTTP/2 connection.
Jun 06, 2026 6:55:09 P.M. io.gapi.emulators.netty.HttpVersionRoutingHandler channelRead
INFO: Detected non-HTTP/2 connection.
Jun 06, 2026 6:55:20 P.M. com.google.cloud.datastore.emulator.firestore.websocket.WebSocketChannelHandler channelClosed
INFO: Websocket client disconnected
Jun 06, 2026 6:55:20 P.M. com.google.cloud.datastore.emulator.firestore.websocket.WebSocketChannelHandler initChannel
INFO: Connected to new websocket client
Jun 06, 2026 6:55:20 P.M. io.gapi.emulators.netty.HttpVersionRoutingHandler channelRead
INFO: Detected non-HTTP/2 connection.
Jun 06, 2026 6:55:20 P.M. io.gapi.emulators.netty.HttpVersionRoutingHandler channelRead
INFO: Detected non-HTTP/2 connection.
Jun 06, 2026 6:55:20 P.M. io.gapi.emulators.netty.HttpVersionRoutingHandler channelRead
INFO: Detected non-HTTP/2 connection.
Jun 06, 2026 6:55:21 P.M. io.gapi.emulators.netty.HttpVersionRoutingHandler channelRead
INFO: Detected HTTP/2 connection.
Jun 06, 2026 6:55:25 P.M. io.gapi.emulators.netty.HttpVersionRoutingHandler channelRead
INFO: Detected non-HTTP/2 connection.
Jun 06, 2026 6:55:32 P.M. io.gapi.emulators.netty.HttpVersionRoutingHandler channelRead
INFO: Detected non-HTTP/2 connection.
Jun 06, 2026 6:55:32 P.M. io.gapi.emulators.netty.HttpVersionRoutingHandler channelRead
INFO: Detected non-HTTP/2 connection.
Jun 06, 2026 6:55:38 P.M. io.gapi.emulators.netty.HttpVersionRoutingHandler channelRead
INFO: Detected non-HTTP/2 connection.
Jun 06, 2026 6:55:39 P.M. io.gapi.emulators.netty.HttpVersionRoutingHandler channelRead
INFO: Detected non-HTTP/2 connection.
Jun 06, 2026 6:55:47 P.M. io.gapi.emulators.netty.HttpVersionRoutingHandler channelRead
INFO: Detected non-HTTP/2 connection.
Jun 06, 2026 6:55:51 P.M. io.gapi.emulators.netty.HttpVersionRoutingHandler channelRead
INFO: Detected non-HTTP/2 connection.
Jun 06, 2026 6:55:53 P.M. io.gapi.emulators.netty.HttpVersionRoutingHandler channelRead
INFO: Detected non-HTTP/2 connection.
Jun 06, 2026 6:56:06 P.M. io.gapi.emulators.netty.HttpVersionRoutingHandler channelRead
INFO: Detected non-HTTP/2 connection.
Jun 06, 2026 6:56:07 P.M. io.gapi.emulators.netty.HttpVersionRoutingHandler channelRead
INFO: Detected non-HTTP/2 connection.
Jun 06, 2026 6:56:30 P.M. io.gapi.emulators.netty.HttpVersionRoutingHandler channelRead
INFO: Detected non-HTTP/2 connection.
Jun 06, 2026 6:56:30 P.M. io.gapi.emulators.netty.HttpVersionRoutingHandler channelRead
INFO: Detected non-HTTP/2 connection.
Jun 06, 2026 6:56:30 P.M. io.gapi.emulators.netty.HttpVersionRoutingHandler channelRead
INFO: Detected non-HTTP/2 connection.
Jun 06, 2026 6:56:30 P.M. io.gapi.emulators.netty.HttpVersionRoutingHandler channelRead
INFO: Detected non-HTTP/2 connection.
Jun 06, 2026 6:56:30 P.M. io.gapi.emulators.netty.HttpVersionRoutingHandler channelRead
INFO: Detected non-HTTP/2 connection.
Jun 06, 2026 6:56:30 P.M. io.gapi.emulators.netty.HttpVersionRoutingHandler channelRead
INFO: Detected non-HTTP/2 connection.
Jun 06, 2026 6:56:34 P.M. io.gapi.emulators.netty.HttpVersionRoutingHandler channelRead
INFO: Detected HTTP/2 connection.
Jun 06, 2026 6:57:00 P.M. io.gapi.emulators.netty.HttpVersionRoutingHandler channelRead
INFO: Detected non-HTTP/2 connection.
Jun 06, 2026 6:57:57 P.M. io.gapi.emulators.netty.HttpVersionRoutingHandler channelRead
INFO: Detected non-HTTP/2 connection.
Jun 06, 2026 6:57:57 P.M. io.gapi.emulators.netty.HttpVersionRoutingHandler channelRead
INFO: Detected non-HTTP/2 connection.
Jun 06, 2026 6:57:57 P.M. io.gapi.emulators.netty.HttpVersionRoutingHandler channelRead
INFO: Detected non-HTTP/2 connection.
Jun 06, 2026 6:57:57 P.M. io.gapi.emulators.netty.HttpVersionRoutingHandler channelRead
INFO: Detected non-HTTP/2 connection.
Jun 06, 2026 6:57:57 P.M. io.gapi.emulators.netty.HttpVersionRoutingHandler channelRead
INFO: Detected non-HTTP/2 connection.
Jun 06, 2026 6:57:57 P.M. io.gapi.emulators.netty.HttpVersionRoutingHandler channelRead
INFO: Detected non-HTTP/2 connection.
Jun 06, 2026 6:58:39 P.M. io.gapi.emulators.netty.HttpVersionRoutingHandler channelRead
INFO: Detected non-HTTP/2 connection.
Jun 06, 2026 6:58:39 P.M. io.gapi.emulators.netty.HttpVersionRoutingHandler channelRead
INFO: Detected non-HTTP/2 connection.
Jun 06, 2026 6:58:39 P.M. io.gapi.emulators.netty.HttpVersionRoutingHandler channelRead
INFO: Detected non-HTTP/2 connection.
Jun 06, 2026 6:58:39 P.M. io.gapi.emulators.netty.HttpVersionRoutingHandler channelRead
INFO: Detected non-HTTP/2 connection.
Jun 06, 2026 6:58:39 P.M. io.gapi.emulators.netty.HttpVersionRoutingHandler channelRead
INFO: Detected non-HTTP/2 connection.
Jun 06, 2026 6:58:39 P.M. io.gapi.emulators.netty.HttpVersionRoutingHandler channelRead
INFO: Detected non-HTTP/2 connection.
Jun 06, 2026 6:59:10 P.M. io.gapi.emulators.netty.HttpVersionRoutingHandler channelRead
INFO: Detected non-HTTP/2 connection.
Jun 06, 2026 6:59:39 P.M. io.netty.channel.DefaultChannelPipeline onUnhandledInboundException
WARNING: An exceptionCaught() event was fired, and it reached at the tail of the pipeline. It usually means the last handler in the pipeline did not handle the exception.
io.netty.channel.StacklessClosedChannelException
	at io.netty.channel.AbstractChannel$AbstractUnsafe.write(Object, ChannelPromise)(Unknown Source)

Jun 06, 2026 6:59:39 P.M. io.gapi.emulators.netty.HttpVersionRoutingHandler channelRead
INFO: Detected non-HTTP/2 connection.
Jun 06, 2026 6:59:39 P.M. io.gapi.emulators.netty.HttpVersionRoutingHandler channelRead
INFO: Detected non-HTTP/2 connection.
Jun 06, 2026 6:59:39 P.M. com.google.cloud.datastore.emulator.firestore.webchannel.FirestoreV1WebChannelAdapter$FirestoreWriteHandler onClose
INFO: channel closed
Jun 06, 2026 7:00:24 P.M. io.gapi.emulators.netty.HttpVersionRoutingHandler channelRead
INFO: Detected non-HTTP/2 connection.
Jun 06, 2026 7:00:28 P.M. io.gapi.emulators.netty.HttpVersionRoutingHandler channelRead
INFO: Detected non-HTTP/2 connection.
Jun 06, 2026 7:00:29 P.M. io.gapi.emulators.netty.HttpVersionRoutingHandler channelRead
INFO: Detected non-HTTP/2 connection.
Jun 06, 2026 7:00:29 P.M. io.gapi.emulators.netty.HttpVersionRoutingHandler channelRead
INFO: Detected non-HTTP/2 connection.
Jun 06, 2026 7:01:24 P.M. io.gapi.emulators.netty.HttpVersionRoutingHandler channelRead
INFO: Detected non-HTTP/2 connection.
Jun 06, 2026 7:02:24 P.M. io.gapi.emulators.netty.HttpVersionRoutingHandler channelRead
INFO: Detected non-HTTP/2 connection.
Jun 06, 2026 7:02:43 P.M. io.netty.channel.DefaultChannelPipeline onUnhandledInboundException
WARNING: An exceptionCaught() event was fired, and it reached at the tail of the pipeline. It usually means the last handler in the pipeline did not handle the exception.
java.net.SocketException: Connection reset
	at java.base/sun.nio.ch.SocketChannelImpl.throwConnectionReset(SocketChannelImpl.java:401)
	at java.base/sun.nio.ch.SocketChannelImpl.read(SocketChannelImpl.java:434)
	at io.netty.buffer.PooledByteBuf.setBytes(PooledByteBuf.java:255)
	at io.netty.buffer.AbstractByteBuf.writeBytes(AbstractByteBuf.java:1132)
	at io.netty.channel.socket.nio.NioSocketChannel.doReadBytes(NioSocketChannel.java:356)
	at io.netty.channel.nio.AbstractNioByteChannel$NioByteUnsafe.read(AbstractNioByteChannel.java:156)
	at io.netty.channel.nio.NioEventLoop.processSelectedKey(NioEventLoop.java:796)
	at io.netty.channel.nio.NioEventLoop.processSelectedKeysOptimized(NioEventLoop.java:732)
	at io.netty.channel.nio.NioEventLoop.processSelectedKeys(NioEventLoop.java:658)
	at io.netty.channel.nio.NioEventLoop.run(NioEventLoop.java:562)
	at io.netty.util.concurrent.SingleThreadEventExecutor$4.run(SingleThreadEventExecutor.java:998)
	at io.netty.util.internal.ThreadExecutorMap$2.run(ThreadExecutorMap.java:74)
	at io.netty.util.concurrent.FastThreadLocalRunnable.run(FastThreadLocalRunnable.java:30)
	at java.base/java.lang.Thread.run(Thread.java:1583)

Jun 06, 2026 7:03:24 P.M. io.gapi.emulators.netty.HttpVersionRoutingHandler channelRead
INFO: Detected non-HTTP/2 connection.
Jun 06, 2026 7:04:25 P.M. io.gapi.emulators.netty.HttpVersionRoutingHandler channelRead
INFO: Detected non-HTTP/2 connection.
Jun 06, 2026 7:05:25 P.M. io.gapi.emulators.netty.HttpVersionRoutingHandler channelRead
INFO: Detected non-HTTP/2 connection.
Jun 06, 2026 7:06:25 P.M. io.gapi.emulators.netty.HttpVersionRoutingHandler channelRead
INFO: Detected non-HTTP/2 connection.
Jun 06, 2026 7:07:23 P.M. io.gapi.emulators.netty.HttpVersionRoutingHandler channelRead
INFO: Detected non-HTTP/2 connection.
Jun 06, 2026 7:07:23 P.M. io.gapi.emulators.netty.HttpVersionRoutingHandler channelRead
INFO: Detected non-HTTP/2 connection.
Jun 06, 2026 7:07:23 P.M. io.gapi.emulators.netty.HttpVersionRoutingHandler channelRead
INFO: Detected non-HTTP/2 connection.
Jun 06, 2026 7:07:23 P.M. io.gapi.emulators.netty.HttpVersionRoutingHandler channelRead
INFO: Detected non-HTTP/2 connection.
Jun 06, 2026 7:07:23 P.M. io.gapi.emulators.netty.HttpVersionRoutingHandler channelRead
INFO: Detected non-HTTP/2 connection.
Jun 06, 2026 7:07:23 P.M. io.gapi.emulators.netty.HttpVersionRoutingHandler channelRead
INFO: Detected non-HTTP/2 connection.
Jun 06, 2026 7:07:23 P.M. io.gapi.emulators.netty.HttpVersionRoutingHandler channelRead
INFO: Detected non-HTTP/2 connection.
Jun 06, 2026 7:08:09 P.M. io.gapi.emulators.netty.HttpVersionRoutingHandler channelRead
INFO: Detected non-HTTP/2 connection.
Jun 06, 2026 7:08:09 P.M. io.gapi.emulators.netty.HttpVersionRoutingHandler channelRead
INFO: Detected non-HTTP/2 connection.
Jun 06, 2026 7:08:09 P.M. io.gapi.emulators.netty.HttpVersionRoutingHandler channelRead
INFO: Detected non-HTTP/2 connection.
Jun 06, 2026 7:08:09 P.M. io.gapi.emulators.netty.HttpVersionRoutingHandler channelRead
INFO: Detected non-HTTP/2 connection.
Jun 06, 2026 7:08:09 P.M. io.gapi.emulators.netty.HttpVersionRoutingHandler channelRead
INFO: Detected non-HTTP/2 connection.
Jun 06, 2026 7:08:09 P.M. io.gapi.emulators.netty.HttpVersionRoutingHandler channelRead
INFO: Detected non-HTTP/2 connection.
Jun 06, 2026 7:08:09 P.M. io.gapi.emulators.netty.HttpVersionRoutingHandler channelRead
INFO: Detected non-HTTP/2 connection.
Jun 06, 2026 7:08:09 P.M. io.gapi.emulators.netty.HttpVersionRoutingHandler channelRead
INFO: Detected non-HTTP/2 connection.
Jun 06, 2026 7:08:09 P.M. io.gapi.emulators.netty.HttpVersionRoutingHandler channelRead
INFO: Detected non-HTTP/2 connection.
Jun 06, 2026 7:08:09 P.M. io.gapi.emulators.netty.HttpVersionRoutingHandler channelRead
INFO: Detected non-HTTP/2 connection.
Jun 06, 2026 7:08:09 P.M. io.gapi.emulators.netty.HttpVersionRoutingHandler channelRead
INFO: Detected non-HTTP/2 connection.
Jun 06, 2026 7:08:34 P.M. io.gapi.emulators.netty.HttpVersionRoutingHandler channelRead
INFO: Detected non-HTTP/2 connection.
Jun 06, 2026 7:08:34 P.M. io.gapi.emulators.netty.HttpVersionRoutingHandler channelRead
INFO: Detected non-HTTP/2 connection.
Jun 06, 2026 7:08:34 P.M. io.gapi.emulators.netty.HttpVersionRoutingHandler channelRead
INFO: Detected non-HTTP/2 connection.
Jun 06, 2026 7:08:34 P.M. io.gapi.emulators.netty.HttpVersionRoutingHandler channelRead
INFO: Detected non-HTTP/2 connection.
Jun 06, 2026 7:08:34 P.M. io.gapi.emulators.netty.HttpVersionRoutingHandler channelRead
INFO: Detected non-HTTP/2 connection.
Jun 06, 2026 7:08:34 P.M. io.gapi.emulators.netty.HttpVersionRoutingHandler channelRead
INFO: Detected non-HTTP/2 connection.
Jun 06, 2026 7:09:34 P.M. io.gapi.emulators.netty.HttpVersionRoutingHandler channelRead
INFO: Detected non-HTTP/2 connection.
Jun 06, 2026 7:09:34 P.M. com.google.cloud.datastore.emulator.firestore.webchannel.FirestoreV1WebChannelAdapter$FirestoreListenHandler onClose
INFO: channel closed
Jun 06, 2026 7:09:34 P.M. io.gapi.emulators.netty.HttpVersionRoutingHandler channelRead
INFO: Detected non-HTTP/2 connection.
Jun 06, 2026 7:09:34 P.M. com.google.cloud.datastore.emulator.firestore.webchannel.FirestoreV1WebChannelAdapter$FirestoreWriteHandler onClose
INFO: channel closed
Jun 06, 2026 7:09:55 P.M. io.gapi.emulators.netty.HttpVersionRoutingHandler channelRead
INFO: Detected non-HTTP/2 connection.
Jun 06, 2026 7:09:55 P.M. io.gapi.emulators.netty.HttpVersionRoutingHandler channelRead
INFO: Detected non-HTTP/2 connection.
Jun 06, 2026 7:09:55 P.M. io.gapi.emulators.netty.HttpVersionRoutingHandler channelRead
INFO: Detected non-HTTP/2 connection.
Jun 06, 2026 7:09:55 P.M. io.gapi.emulators.netty.HttpVersionRoutingHandler channelRead
INFO: Detected non-HTTP/2 connection.
Jun 06, 2026 7:09:55 P.M. io.gapi.emulators.netty.HttpVersionRoutingHandler channelRead
INFO: Detected non-HTTP/2 connection.
Jun 06, 2026 7:10:55 P.M. io.gapi.emulators.netty.HttpVersionRoutingHandler channelRead
INFO: Detected non-HTTP/2 connection.
Jun 06, 2026 7:10:55 P.M. io.gapi.emulators.netty.HttpVersionRoutingHandler channelRead
INFO: Detected non-HTTP/2 connection.
Jun 06, 2026 7:10:55 P.M. com.google.cloud.datastore.emulator.firestore.webchannel.FirestoreV1WebChannelAdapter$FirestoreWriteHandler onClose
INFO: channel closed
Jun 06, 2026 7:11:56 P.M. io.gapi.emulators.netty.HttpVersionRoutingHandler channelRead
INFO: Detected non-HTTP/2 connection.
Jun 06, 2026 7:12:56 P.M. io.gapi.emulators.netty.HttpVersionRoutingHandler channelRead
INFO: Detected non-HTTP/2 connection.
Jun 06, 2026 7:13:04 P.M. io.gapi.emulators.netty.HttpVersionRoutingHandler channelRead
INFO: Detected non-HTTP/2 connection.
Jun 06, 2026 7:13:04 P.M. io.gapi.emulators.netty.HttpVersionRoutingHandler channelRead
INFO: Detected non-HTTP/2 connection.
Jun 06, 2026 7:13:04 P.M. io.gapi.emulators.netty.HttpVersionRoutingHandler channelRead
INFO: Detected non-HTTP/2 connection.
Jun 06, 2026 7:13:04 P.M. io.gapi.emulators.netty.HttpVersionRoutingHandler channelRead
INFO: Detected non-HTTP/2 connection.
Jun 06, 2026 7:13:04 P.M. io.gapi.emulators.netty.HttpVersionRoutingHandler channelRead
INFO: Detected non-HTTP/2 connection.
Jun 06, 2026 7:13:10 P.M. io.gapi.emulators.netty.HttpVersionRoutingHandler channelRead
INFO: Detected non-HTTP/2 connection.
Jun 06, 2026 7:13:10 P.M. io.gapi.emulators.netty.HttpVersionRoutingHandler channelRead
INFO: Detected non-HTTP/2 connection.
Jun 06, 2026 7:13:10 P.M. com.google.cloud.datastore.emulator.firestore.webchannel.FirestoreV1WebChannelAdapter$FirestoreWriteHandler onClose
INFO: channel closed
Jun 06, 2026 7:13:10 P.M. com.google.cloud.datastore.emulator.firestore.webchannel.FirestoreV1WebChannelAdapter$FirestoreListenHandler onClose
INFO: channel closed
Jun 06, 2026 7:13:49 P.M. io.gapi.emulators.netty.HttpVersionRoutingHandler channelRead
INFO: Detected non-HTTP/2 connection.
Jun 06, 2026 7:13:49 P.M. io.gapi.emulators.netty.HttpVersionRoutingHandler channelRead
INFO: Detected non-HTTP/2 connection.
Jun 06, 2026 7:13:49 P.M. io.gapi.emulators.netty.HttpVersionRoutingHandler channelRead
INFO: Detected non-HTTP/2 connection.
Jun 06, 2026 7:13:49 P.M. io.gapi.emulators.netty.HttpVersionRoutingHandler channelRead
INFO: Detected non-HTTP/2 connection.
Jun 06, 2026 7:13:49 P.M. io.gapi.emulators.netty.HttpVersionRoutingHandler channelRead
INFO: Detected non-HTTP/2 connection.
Jun 06, 2026 7:13:49 P.M. io.gapi.emulators.netty.HttpVersionRoutingHandler channelRead
INFO: Detected non-HTTP/2 connection.
Jun 06, 2026 7:13:56 P.M. io.gapi.emulators.netty.HttpVersionRoutingHandler channelRead
INFO: Detected HTTP/2 connection.
Jun 06, 2026 7:14:55 P.M. io.gapi.emulators.netty.HttpVersionRoutingHandler channelRead
INFO: Detected HTTP/2 connection.
Jun 06, 2026 7:14:55 P.M. io.gapi.emulators.netty.HttpVersionRoutingHandler channelRead
INFO: Detected HTTP/2 connection.
Jun 06, 2026 7:14:55 P.M. io.gapi.emulators.netty.HttpVersionRoutingHandler channelRead
INFO: Detected HTTP/2 connection.
Jun 06, 2026 7:14:55 P.M. io.gapi.emulators.netty.HttpVersionRoutingHandler channelRead
INFO: Detected HTTP/2 connection.
Jun 06, 2026 7:14:55 P.M. io.gapi.emulators.netty.HttpVersionRoutingHandler channelRead
INFO: Detected HTTP/2 connection.
Jun 06, 2026 7:14:56 P.M. io.gapi.emulators.netty.HttpVersionRoutingHandler channelRead
INFO: Detected non-HTTP/2 connection.
Jun 06, 2026 7:14:56 P.M. io.gapi.emulators.netty.HttpVersionRoutingHandler channelRead
INFO: Detected non-HTTP/2 connection.
Jun 06, 2026 7:14:56 P.M. io.gapi.emulators.netty.HttpVersionRoutingHandler channelRead
INFO: Detected non-HTTP/2 connection.
Jun 06, 2026 7:14:56 P.M. io.gapi.emulators.netty.HttpVersionRoutingHandler channelRead
INFO: Detected non-HTTP/2 connection.
Jun 06, 2026 7:14:56 P.M. io.gapi.emulators.netty.HttpVersionRoutingHandler channelRead
INFO: Detected non-HTTP/2 connection.
Jun 06, 2026 7:15:14 P.M. io.gapi.emulators.netty.HttpVersionRoutingHandler channelRead
INFO: Detected non-HTTP/2 connection.
Jun 06, 2026 7:15:14 P.M. io.gapi.emulators.netty.HttpVersionRoutingHandler channelRead
INFO: Detected non-HTTP/2 connection.
Jun 06, 2026 7:15:14 P.M. io.gapi.emulators.netty.HttpVersionRoutingHandler channelRead
INFO: Detected non-HTTP/2 connection.
Jun 06, 2026 7:15:14 P.M. io.gapi.emulators.netty.HttpVersionRoutingHandler channelRead
INFO: Detected non-HTTP/2 connection.
Jun 06, 2026 7:15:17 P.M. com.google.cloud.datastore.emulator.firestore.websocket.WebSocketChannelHandler channelClosed
INFO: Websocket client disconnected
Jun 06, 2026 7:15:17 P.M. com.google.cloud.datastore.emulator.firestore.websocket.WebSocketChannelHandler initChannel
INFO: Connected to new websocket client
Jun 06, 2026 7:15:18 P.M. io.gapi.emulators.netty.HttpVersionRoutingHandler channelRead
INFO: Detected non-HTTP/2 connection.
Jun 06, 2026 7:15:22 P.M. io.gapi.emulators.netty.HttpVersionRoutingHandler channelRead
INFO: Detected non-HTTP/2 connection.
Jun 06, 2026 7:15:22 P.M. io.gapi.emulators.netty.HttpVersionRoutingHandler channelRead
INFO: Detected non-HTTP/2 connection.
Jun 06, 2026 7:15:27 P.M. io.gapi.emulators.netty.HttpVersionRoutingHandler channelRead
INFO: Detected non-HTTP/2 connection.
Jun 06, 2026 7:15:32 P.M. com.google.cloud.datastore.emulator.firestore.websocket.WebSocketChannelHandler channelClosed
INFO: Websocket client disconnected
Jun 06, 2026 7:15:32 P.M. com.google.cloud.datastore.emulator.firestore.websocket.WebSocketChannelHandler initChannel
INFO: Connected to new websocket client
Jun 06, 2026 7:15:32 P.M. io.gapi.emulators.netty.HttpVersionRoutingHandler channelRead
INFO: Detected non-HTTP/2 connection.
Jun 06, 2026 7:15:33 P.M. io.gapi.emulators.netty.HttpVersionRoutingHandler channelRead
INFO: Detected non-HTTP/2 connection.
Jun 06, 2026 7:15:33 P.M. io.gapi.emulators.netty.HttpVersionRoutingHandler channelRead
INFO: Detected non-HTTP/2 connection.
Jun 06, 2026 7:15:43 P.M. io.gapi.emulators.netty.HttpVersionRoutingHandler channelRead
INFO: Detected non-HTTP/2 connection.
Jun 06, 2026 7:15:43 P.M. io.gapi.emulators.netty.HttpVersionRoutingHandler channelRead
INFO: Detected non-HTTP/2 connection.
Jun 06, 2026 7:15:56 P.M. io.netty.channel.DefaultChannelPipeline onUnhandledInboundException
WARNING: An exceptionCaught() event was fired, and it reached at the tail of the pipeline. It usually means the last handler in the pipeline did not handle the exception.
java.net.SocketException: Connection reset
	at java.base/sun.nio.ch.SocketChannelImpl.throwConnectionReset(SocketChannelImpl.java:401)
	at java.base/sun.nio.ch.SocketChannelImpl.read(SocketChannelImpl.java:434)
	at io.netty.buffer.PooledByteBuf.setBytes(PooledByteBuf.java:255)
	at io.netty.buffer.AbstractByteBuf.writeBytes(AbstractByteBuf.java:1132)
	at io.netty.channel.socket.nio.NioSocketChannel.doReadBytes(NioSocketChannel.java:356)
	at io.netty.channel.nio.AbstractNioByteChannel$NioByteUnsafe.read(AbstractNioByteChannel.java:156)
	at io.netty.channel.nio.NioEventLoop.processSelectedKey(NioEventLoop.java:796)
	at io.netty.channel.nio.NioEventLoop.processSelectedKeysOptimized(NioEventLoop.java:732)
	at io.netty.channel.nio.NioEventLoop.processSelectedKeys(NioEventLoop.java:658)
	at io.netty.channel.nio.NioEventLoop.run(NioEventLoop.java:562)
	at io.netty.util.concurrent.SingleThreadEventExecutor$4.run(SingleThreadEventExecutor.java:998)
	at io.netty.util.internal.ThreadExecutorMap$2.run(ThreadExecutorMap.java:74)
	at io.netty.util.concurrent.FastThreadLocalRunnable.run(FastThreadLocalRunnable.java:30)
	at java.base/java.lang.Thread.run(Thread.java:1583)

Jun 06, 2026 7:15:56 P.M. io.gapi.emulators.netty.HttpVersionRoutingHandler channelRead
INFO: Detected non-HTTP/2 connection.
Jun 06, 2026 7:15:56 P.M. io.gapi.emulators.netty.HttpVersionRoutingHandler channelRead
INFO: Detected non-HTTP/2 connection.
Jun 06, 2026 7:15:56 P.M. com.google.cloud.datastore.emulator.firestore.webchannel.FirestoreV1WebChannelAdapter$FirestoreWriteHandler onClose
INFO: channel closed
Jun 06, 2026 7:15:58 P.M. io.gapi.emulators.netty.HttpVersionRoutingHandler channelRead
INFO: Detected non-HTTP/2 connection.
Jun 06, 2026 7:15:58 P.M. io.gapi.emulators.netty.HttpVersionRoutingHandler channelRead
INFO: Detected non-HTTP/2 connection.
Jun 06, 2026 7:15:58 P.M. io.gapi.emulators.netty.HttpVersionRoutingHandler channelRead
INFO: Detected non-HTTP/2 connection.
Jun 06, 2026 7:15:58 P.M. io.gapi.emulators.netty.HttpVersionRoutingHandler channelRead
INFO: Detected non-HTTP/2 connection.
Jun 06, 2026 7:15:58 P.M. io.gapi.emulators.netty.HttpVersionRoutingHandler channelRead
INFO: Detected non-HTTP/2 connection.
Jun 06, 2026 7:16:03 P.M. io.gapi.emulators.netty.HttpVersionRoutingHandler channelRead
INFO: Detected non-HTTP/2 connection.
Jun 06, 2026 7:16:53 P.M. io.gapi.emulators.netty.HttpVersionRoutingHandler channelRead
INFO: Detected non-HTTP/2 connection.
Jun 06, 2026 7:16:58 P.M. io.gapi.emulators.netty.HttpVersionRoutingHandler channelRead
INFO: Detected non-HTTP/2 connection.
Jun 06, 2026 7:16:58 P.M. io.gapi.emulators.netty.HttpVersionRoutingHandler channelRead
INFO: Detected non-HTTP/2 connection.
Jun 06, 2026 7:16:58 P.M. com.google.cloud.datastore.emulator.firestore.webchannel.FirestoreV1WebChannelAdapter$FirestoreWriteHandler onClose
INFO: channel closed
Jun 06, 2026 7:17:23 P.M. io.gapi.emulators.netty.HttpVersionRoutingHandler channelRead
INFO: Detected non-HTTP/2 connection.
Jun 06, 2026 7:17:23 P.M. io.gapi.emulators.netty.HttpVersionRoutingHandler channelRead
INFO: Detected non-HTTP/2 connection.
Jun 06, 2026 7:17:38 P.M. com.google.cloud.datastore.emulator.firestore.websocket.WebSocketChannelHandler channelClosed
INFO: Websocket client disconnected
Jun 06, 2026 7:17:38 P.M. com.google.cloud.datastore.emulator.firestore.websocket.WebSocketChannelHandler initChannel
INFO: Connected to new websocket client
Jun 06, 2026 7:17:38 P.M. io.gapi.emulators.netty.HttpVersionRoutingHandler channelRead
INFO: Detected non-HTTP/2 connection.
Jun 06, 2026 7:17:38 P.M. io.gapi.emulators.netty.HttpVersionRoutingHandler channelRead
INFO: Detected non-HTTP/2 connection.
Jun 06, 2026 7:17:38 P.M. io.gapi.emulators.netty.HttpVersionRoutingHandler channelRead
INFO: Detected non-HTTP/2 connection.
Jun 06, 2026 7:17:41 P.M. io.gapi.emulators.netty.HttpVersionRoutingHandler channelRead
INFO: Detected non-HTTP/2 connection.
Jun 06, 2026 7:17:41 P.M. io.gapi.emulators.netty.HttpVersionRoutingHandler channelRead
INFO: Detected non-HTTP/2 connection.
Jun 06, 2026 7:17:54 P.M. io.gapi.emulators.netty.HttpVersionRoutingHandler channelRead
INFO: Detected non-HTTP/2 connection.
Jun 06, 2026 7:17:54 P.M. io.gapi.emulators.netty.HttpVersionRoutingHandler channelRead
INFO: Detected non-HTTP/2 connection.
Jun 06, 2026 7:17:58 P.M. io.gapi.emulators.netty.HttpVersionRoutingHandler channelRead
INFO: Detected non-HTTP/2 connection.
Jun 06, 2026 7:18:01 P.M. io.gapi.emulators.netty.HttpVersionRoutingHandler channelRead
INFO: Detected non-HTTP/2 connection.
Jun 06, 2026 7:18:08 P.M. io.gapi.emulators.netty.HttpVersionRoutingHandler channelRead
INFO: Detected non-HTTP/2 connection.
Jun 06, 2026 7:18:08 P.M. com.google.cloud.datastore.emulator.firestore.webchannel.FirestoreV1WebChannelAdapter$FirestoreListenHandler onClose
INFO: channel closed
Jun 06, 2026 7:18:11 P.M. io.gapi.emulators.netty.HttpVersionRoutingHandler channelRead
INFO: Detected non-HTTP/2 connection.
Jun 06, 2026 7:18:50 P.M. io.netty.channel.DefaultChannelPipeline onUnhandledInboundException
WARNING: An exceptionCaught() event was fired, and it reached at the tail of the pipeline. It usually means the last handler in the pipeline did not handle the exception.
java.net.SocketException: Connection reset
	at java.base/sun.nio.ch.SocketChannelImpl.throwConnectionReset(SocketChannelImpl.java:401)
	at java.base/sun.nio.ch.SocketChannelImpl.read(SocketChannelImpl.java:434)
	at io.netty.buffer.PooledByteBuf.setBytes(PooledByteBuf.java:255)
	at io.netty.buffer.AbstractByteBuf.writeBytes(AbstractByteBuf.java:1132)
	at io.netty.channel.socket.nio.NioSocketChannel.doReadBytes(NioSocketChannel.java:356)
	at io.netty.channel.nio.AbstractNioByteChannel$NioByteUnsafe.read(AbstractNioByteChannel.java:156)
	at io.netty.channel.nio.NioEventLoop.processSelectedKey(NioEventLoop.java:796)
	at io.netty.channel.nio.NioEventLoop.processSelectedKeysOptimized(NioEventLoop.java:732)
	at io.netty.channel.nio.NioEventLoop.processSelectedKeys(NioEventLoop.java:658)
	at io.netty.channel.nio.NioEventLoop.run(NioEventLoop.java:562)
	at io.netty.util.concurrent.SingleThreadEventExecutor$4.run(SingleThreadEventExecutor.java:998)
	at io.netty.util.internal.ThreadExecutorMap$2.run(ThreadExecutorMap.java:74)
	at io.netty.util.concurrent.FastThreadLocalRunnable.run(FastThreadLocalRunnable.java:30)
	at java.base/java.lang.Thread.run(Thread.java:1583)

Jun 06, 2026 7:19:00 P.M. io.gapi.emulators.netty.HttpVersionRoutingHandler channelRead
INFO: Detected non-HTTP/2 connection.
Jun 06, 2026 7:19:00 P.M. io.gapi.emulators.netty.HttpVersionRoutingHandler channelRead
INFO: Detected non-HTTP/2 connection.
Jun 06, 2026 7:19:00 P.M. io.gapi.emulators.netty.HttpVersionRoutingHandler channelRead
INFO: Detected non-HTTP/2 connection.
Jun 06, 2026 7:19:00 P.M. io.gapi.emulators.netty.HttpVersionRoutingHandler channelRead
INFO: Detected non-HTTP/2 connection.
Jun 06, 2026 7:19:00 P.M. io.gapi.emulators.netty.HttpVersionRoutingHandler channelRead
INFO: Detected non-HTTP/2 connection.
Jun 06, 2026 7:19:00 P.M. io.gapi.emulators.netty.HttpVersionRoutingHandler channelRead
INFO: Detected non-HTTP/2 connection.
Jun 06, 2026 7:19:07 P.M. io.gapi.emulators.netty.HttpVersionRoutingHandler channelRead
INFO: Detected non-HTTP/2 connection.
Jun 06, 2026 7:19:07 P.M. io.gapi.emulators.netty.HttpVersionRoutingHandler channelRead
INFO: Detected non-HTTP/2 connection.
Jun 06, 2026 7:19:17 P.M. io.gapi.emulators.netty.HttpVersionRoutingHandler channelRead
INFO: Detected non-HTTP/2 connection.
Jun 06, 2026 7:19:17 P.M. io.gapi.emulators.netty.HttpVersionRoutingHandler channelRead
INFO: Detected non-HTTP/2 connection.
Jun 06, 2026 7:19:24 P.M. com.google.cloud.datastore.emulator.firestore.webchannel.FirestoreV1WebChannelAdapter$FirestoreListenHandler onClose
INFO: channel closed
Jun 06, 2026 7:19:50 P.M. io.gapi.emulators.netty.HttpVersionRoutingHandler channelRead
INFO: Detected non-HTTP/2 connection.
Jun 06, 2026 7:19:50 P.M. io.gapi.emulators.netty.HttpVersionRoutingHandler channelRead
INFO: Detected non-HTTP/2 connection.
Jun 06, 2026 7:19:50 P.M. io.gapi.emulators.netty.HttpVersionRoutingHandler channelRead
INFO: Detected non-HTTP/2 connection.
Jun 06, 2026 7:19:50 P.M. io.gapi.emulators.netty.HttpVersionRoutingHandler channelRead
INFO: Detected non-HTTP/2 connection.
Jun 06, 2026 7:19:52 P.M. io.gapi.emulators.netty.HttpVersionRoutingHandler channelRead
INFO: Detected non-HTTP/2 connection.
Jun 06, 2026 7:19:52 P.M. io.gapi.emulators.netty.HttpVersionRoutingHandler channelRead
INFO: Detected non-HTTP/2 connection.
Jun 06, 2026 7:19:52 P.M. com.google.cloud.datastore.emulator.firestore.webchannel.FirestoreV1WebChannelAdapter$FirestoreWriteHandler onClose
INFO: channel closed
Jun 06, 2026 7:19:52 P.M. com.google.cloud.datastore.emulator.firestore.webchannel.FirestoreV1WebChannelAdapter$FirestoreListenHandler onClose
INFO: channel closed
Jun 06, 2026 7:20:03 P.M. io.gapi.emulators.netty.HttpVersionRoutingHandler channelRead
INFO: Detected non-HTTP/2 connection.
Jun 06, 2026 7:20:03 P.M. io.gapi.emulators.netty.HttpVersionRoutingHandler channelRead
INFO: Detected non-HTTP/2 connection.
Jun 06, 2026 7:20:03 P.M. io.gapi.emulators.netty.HttpVersionRoutingHandler channelRead
INFO: Detected non-HTTP/2 connection.
Jun 06, 2026 7:20:05 P.M. io.gapi.emulators.netty.HttpVersionRoutingHandler channelRead
INFO: Detected non-HTTP/2 connection.
Jun 06, 2026 7:20:05 P.M. io.gapi.emulators.netty.HttpVersionRoutingHandler channelRead
INFO: Detected non-HTTP/2 connection.
Jun 06, 2026 7:20:05 P.M. io.gapi.emulators.netty.HttpVersionRoutingHandler channelRead
INFO: Detected non-HTTP/2 connection.
Jun 06, 2026 7:20:51 P.M. io.gapi.emulators.netty.HttpVersionRoutingHandler channelRead
INFO: Detected non-HTTP/2 connection.
Jun 06, 2026 7:20:51 P.M. io.gapi.emulators.netty.HttpVersionRoutingHandler channelRead
INFO: Detected non-HTTP/2 connection.
Jun 06, 2026 7:20:51 P.M. io.gapi.emulators.netty.HttpVersionRoutingHandler channelRead
INFO: Detected non-HTTP/2 connection.
Jun 06, 2026 7:20:51 P.M. io.gapi.emulators.netty.HttpVersionRoutingHandler channelRead
INFO: Detected non-HTTP/2 connection.
Jun 06, 2026 7:20:51 P.M. io.gapi.emulators.netty.HttpVersionRoutingHandler channelRead
INFO: Detected non-HTTP/2 connection.
Jun 06, 2026 7:20:51 P.M. io.gapi.emulators.netty.HttpVersionRoutingHandler channelRead
INFO: Detected non-HTTP/2 connection.
Jun 06, 2026 7:21:36 P.M. io.gapi.emulators.netty.HttpVersionRoutingHandler channelRead
INFO: Detected non-HTTP/2 connection.
Jun 06, 2026 7:21:36 P.M. io.gapi.emulators.netty.HttpVersionRoutingHandler channelRead
INFO: Detected non-HTTP/2 connection.
Jun 06, 2026 7:21:36 P.M. io.gapi.emulators.netty.HttpVersionRoutingHandler channelRead
INFO: Detected non-HTTP/2 connection.
Jun 06, 2026 7:21:36 P.M. io.gapi.emulators.netty.HttpVersionRoutingHandler channelRead
INFO: Detected non-HTTP/2 connection.
Jun 06, 2026 7:21:36 P.M. io.gapi.emulators.netty.HttpVersionRoutingHandler channelRead
INFO: Detected non-HTTP/2 connection.
Jun 06, 2026 7:21:44 P.M. io.gapi.emulators.netty.HttpVersionRoutingHandler channelRead
INFO: Detected non-HTTP/2 connection.
Jun 06, 2026 7:21:52 P.M. io.gapi.emulators.netty.HttpVersionRoutingHandler channelRead
INFO: Detected non-HTTP/2 connection.
Jun 06, 2026 7:22:20 P.M. io.gapi.emulators.netty.HttpVersionRoutingHandler channelRead
INFO: Detected non-HTTP/2 connection.
Jun 06, 2026 7:22:20 P.M. io.gapi.emulators.netty.HttpVersionRoutingHandler channelRead
INFO: Detected non-HTTP/2 connection.
Jun 06, 2026 7:22:20 P.M. io.gapi.emulators.netty.HttpVersionRoutingHandler channelRead
INFO: Detected non-HTTP/2 connection.
Jun 06, 2026 7:22:20 P.M. io.gapi.emulators.netty.HttpVersionRoutingHandler channelRead
INFO: Detected non-HTTP/2 connection.
Jun 06, 2026 7:22:20 P.M. io.gapi.emulators.netty.HttpVersionRoutingHandler channelRead
INFO: Detected non-HTTP/2 connection.
Jun 06, 2026 7:22:45 P.M. io.gapi.emulators.netty.HttpVersionRoutingHandler channelRead
INFO: Detected non-HTTP/2 connection.
Jun 06, 2026 7:22:45 P.M. io.gapi.emulators.netty.HttpVersionRoutingHandler channelRead
INFO: Detected non-HTTP/2 connection.
Jun 06, 2026 7:22:45 P.M. com.google.cloud.datastore.emulator.firestore.webchannel.FirestoreV1WebChannelAdapter$FirestoreListenHandler onClose
INFO: channel closed
Jun 06, 2026 7:22:45 P.M. com.google.cloud.datastore.emulator.firestore.webchannel.FirestoreV1WebChannelAdapter$FirestoreWriteHandler onClose
INFO: channel closed
Jun 06, 2026 7:22:50 P.M. io.gapi.emulators.netty.HttpVersionRoutingHandler channelRead
INFO: Detected HTTP/2 connection.
Jun 06, 2026 7:23:14 P.M. io.gapi.emulators.netty.HttpVersionRoutingHandler channelRead
INFO: Detected non-HTTP/2 connection.
Jun 06, 2026 7:23:14 P.M. io.gapi.emulators.netty.HttpVersionRoutingHandler channelRead
INFO: Detected non-HTTP/2 connection.
Jun 06, 2026 7:23:14 P.M. io.gapi.emulators.netty.HttpVersionRoutingHandler channelRead
INFO: Detected non-HTTP/2 connection.
Jun 06, 2026 7:23:20 P.M. io.gapi.emulators.netty.HttpVersionRoutingHandler channelRead
INFO: Detected non-HTTP/2 connection.
Jun 06, 2026 7:23:32 P.M. com.google.cloud.datastore.emulator.firestore.websocket.WebSocketChannelHandler initChannel
INFO: Connected to new websocket client
Jun 06, 2026 7:23:32 P.M. io.gapi.emulators.netty.HttpVersionRoutingHandler channelRead
INFO: Detected non-HTTP/2 connection.
Jun 06, 2026 7:23:32 P.M. io.gapi.emulators.netty.HttpVersionRoutingHandler channelRead
INFO: Detected non-HTTP/2 connection.
Jun 06, 2026 7:23:37 P.M. io.gapi.emulators.netty.HttpVersionRoutingHandler channelRead
INFO: Detected non-HTTP/2 connection.
Jun 06, 2026 7:23:37 P.M. io.gapi.emulators.netty.HttpVersionRoutingHandler channelRead
INFO: Detected non-HTTP/2 connection.
Jun 06, 2026 7:23:37 P.M. io.gapi.emulators.netty.HttpVersionRoutingHandler channelRead
INFO: Detected non-HTTP/2 connection.
Jun 06, 2026 7:23:47 P.M. io.gapi.emulators.netty.HttpVersionRoutingHandler channelRead
INFO: Detected non-HTTP/2 connection.
Jun 06, 2026 7:24:04 P.M. io.gapi.emulators.netty.HttpVersionRoutingHandler channelRead
INFO: Detected non-HTTP/2 connection.
Jun 06, 2026 7:24:04 P.M. io.gapi.emulators.netty.HttpVersionRoutingHandler channelRead
INFO: Detected non-HTTP/2 connection.
Jun 06, 2026 7:24:04 P.M. io.gapi.emulators.netty.HttpVersionRoutingHandler channelRead
INFO: Detected non-HTTP/2 connection.
Jun 06, 2026 7:24:04 P.M. io.gapi.emulators.netty.HttpVersionRoutingHandler channelRead
INFO: Detected non-HTTP/2 connection.
Jun 06, 2026 7:24:04 P.M. io.gapi.emulators.netty.HttpVersionRoutingHandler channelRead
INFO: Detected non-HTTP/2 connection.
Jun 06, 2026 7:24:04 P.M. io.gapi.emulators.netty.HttpVersionRoutingHandler channelRead
INFO: Detected non-HTTP/2 connection.
Jun 06, 2026 7:24:07 P.M. io.gapi.emulators.netty.HttpVersionRoutingHandler channelRead
INFO: Detected non-HTTP/2 connection.
Jun 06, 2026 7:24:08 P.M. io.gapi.emulators.netty.HttpVersionRoutingHandler channelRead
INFO: Detected HTTP/2 connection.
Jun 06, 2026 7:24:49 P.M. io.gapi.emulators.netty.HttpVersionRoutingHandler channelRead
INFO: Detected non-HTTP/2 connection.
Jun 06, 2026 7:25:04 P.M. io.gapi.emulators.netty.HttpVersionRoutingHandler channelRead
INFO: Detected non-HTTP/2 connection.
Jun 06, 2026 7:25:04 P.M. com.google.cloud.datastore.emulator.firestore.webchannel.FirestoreV1WebChannelAdapter$FirestoreListenHandler onClose
INFO: channel closed
Jun 06, 2026 7:25:04 P.M. io.gapi.emulators.netty.HttpVersionRoutingHandler channelRead
INFO: Detected non-HTTP/2 connection.
Jun 06, 2026 7:25:04 P.M. com.google.cloud.datastore.emulator.firestore.webchannel.FirestoreV1WebChannelAdapter$FirestoreWriteHandler onClose
INFO: channel closed
Jun 06, 2026 7:25:27 P.M. io.gapi.emulators.netty.HttpVersionRoutingHandler channelRead
INFO: Detected non-HTTP/2 connection.
Jun 06, 2026 7:26:16 P.M. io.netty.channel.DefaultChannelPipeline onUnhandledInboundException
WARNING: An exceptionCaught() event was fired, and it reached at the tail of the pipeline. It usually means the last handler in the pipeline did not handle the exception.
java.net.SocketException: Connection reset
	at java.base/sun.nio.ch.SocketChannelImpl.throwConnectionReset(SocketChannelImpl.java:401)
	at java.base/sun.nio.ch.SocketChannelImpl.read(SocketChannelImpl.java:434)
	at io.netty.buffer.PooledByteBuf.setBytes(PooledByteBuf.java:255)
	at io.netty.buffer.AbstractByteBuf.writeBytes(AbstractByteBuf.java:1132)
	at io.netty.channel.socket.nio.NioSocketChannel.doReadBytes(NioSocketChannel.java:356)
	at io.netty.channel.nio.AbstractNioByteChannel$NioByteUnsafe.read(AbstractNioByteChannel.java:156)
	at io.netty.channel.nio.NioEventLoop.processSelectedKey(NioEventLoop.java:796)
	at io.netty.channel.nio.NioEventLoop.processSelectedKeysOptimized(NioEventLoop.java:732)
	at io.netty.channel.nio.NioEventLoop.processSelectedKeys(NioEventLoop.java:658)
	at io.netty.channel.nio.NioEventLoop.run(NioEventLoop.java:562)
	at io.netty.util.concurrent.SingleThreadEventExecutor$4.run(SingleThreadEventExecutor.java:998)
	at io.netty.util.internal.ThreadExecutorMap$2.run(ThreadExecutorMap.java:74)
	at io.netty.util.concurrent.FastThreadLocalRunnable.run(FastThreadLocalRunnable.java:30)
	at java.base/java.lang.Thread.run(Thread.java:1583)

Jun 06, 2026 7:26:54 P.M. io.gapi.emulators.netty.HttpVersionRoutingHandler channelRead
INFO: Detected non-HTTP/2 connection.
Jun 06, 2026 7:26:54 P.M. io.gapi.emulators.netty.HttpVersionRoutingHandler channelRead
INFO: Detected non-HTTP/2 connection.
Jun 06, 2026 7:26:54 P.M. io.gapi.emulators.netty.HttpVersionRoutingHandler channelRead
INFO: Detected non-HTTP/2 connection.
Jun 06, 2026 7:26:54 P.M. io.gapi.emulators.netty.HttpVersionRoutingHandler channelRead
INFO: Detected non-HTTP/2 connection.
Jun 06, 2026 7:26:54 P.M. io.gapi.emulators.netty.HttpVersionRoutingHandler channelRead
INFO: Detected non-HTTP/2 connection.
Jun 06, 2026 7:26:54 P.M. io.gapi.emulators.netty.HttpVersionRoutingHandler channelRead
INFO: Detected non-HTTP/2 connection.
Jun 06, 2026 7:26:57 P.M. io.gapi.emulators.netty.HttpVersionRoutingHandler channelRead
INFO: Detected non-HTTP/2 connection.
Jun 06, 2026 7:26:57 P.M. io.gapi.emulators.netty.HttpVersionRoutingHandler channelRead
INFO: Detected non-HTTP/2 connection.
Jun 06, 2026 7:26:59 P.M. io.gapi.emulators.netty.HttpVersionRoutingHandler channelRead
INFO: Detected non-HTTP/2 connection.
Jun 06, 2026 7:26:59 P.M. io.gapi.emulators.netty.HttpVersionRoutingHandler channelRead
INFO: Detected non-HTTP/2 connection.
Jun 06, 2026 7:26:59 P.M. com.google.cloud.datastore.emulator.firestore.webchannel.FirestoreV1WebChannelAdapter$FirestoreWriteHandler onClose
INFO: channel closed
Jun 06, 2026 7:26:59 P.M. com.google.cloud.datastore.emulator.firestore.webchannel.FirestoreV1WebChannelAdapter$FirestoreListenHandler onClose
INFO: channel closed
Jun 06, 2026 7:27:10 P.M. io.gapi.emulators.netty.HttpVersionRoutingHandler channelRead
INFO: Detected non-HTTP/2 connection.
Jun 06, 2026 7:27:10 P.M. io.gapi.emulators.netty.HttpVersionRoutingHandler channelRead
INFO: Detected non-HTTP/2 connection.
Jun 06, 2026 7:27:10 P.M. io.gapi.emulators.netty.HttpVersionRoutingHandler channelRead
INFO: Detected non-HTTP/2 connection.
Jun 06, 2026 7:27:10 P.M. io.gapi.emulators.netty.HttpVersionRoutingHandler channelRead
INFO: Detected non-HTTP/2 connection.
Jun 06, 2026 7:27:10 P.M. io.gapi.emulators.netty.HttpVersionRoutingHandler channelRead
INFO: Detected non-HTTP/2 connection.
Jun 06, 2026 7:27:10 P.M. io.gapi.emulators.netty.HttpVersionRoutingHandler channelRead
INFO: Detected non-HTTP/2 connection.
Jun 06, 2026 7:27:15 P.M. io.gapi.emulators.netty.HttpVersionRoutingHandler channelRead
INFO: Detected HTTP/2 connection.
Jun 06, 2026 7:28:12 P.M. io.gapi.emulators.netty.HttpVersionRoutingHandler channelRead
INFO: Detected HTTP/2 connection.
Jun 06, 2026 7:28:12 P.M. io.gapi.emulators.netty.HttpVersionRoutingHandler channelRead
INFO: Detected HTTP/2 connection.
Jun 06, 2026 7:28:12 P.M. io.gapi.emulators.netty.HttpVersionRoutingHandler channelRead
INFO: Detected HTTP/2 connection.
Jun 06, 2026 7:28:12 P.M. io.gapi.emulators.netty.HttpVersionRoutingHandler channelRead
INFO: Detected HTTP/2 connection.
Jun 06, 2026 7:28:14 P.M. io.gapi.emulators.netty.HttpVersionRoutingHandler channelRead
INFO: Detected non-HTTP/2 connection.
Jun 06, 2026 7:28:14 P.M. io.gapi.emulators.netty.HttpVersionRoutingHandler channelRead
INFO: Detected non-HTTP/2 connection.
Jun 06, 2026 7:28:14 P.M. io.gapi.emulators.netty.HttpVersionRoutingHandler channelRead
INFO: Detected non-HTTP/2 connection.
Jun 06, 2026 7:28:14 P.M. io.gapi.emulators.netty.HttpVersionRoutingHandler channelRead
INFO: Detected non-HTTP/2 connection.
Jun 06, 2026 7:28:14 P.M. io.gapi.emulators.netty.HttpVersionRoutingHandler channelRead
INFO: Detected non-HTTP/2 connection.
Jun 06, 2026 7:28:37 P.M. io.gapi.emulators.netty.HttpVersionRoutingHandler channelRead
INFO: Detected non-HTTP/2 connection.
Jun 06, 2026 7:28:37 P.M. io.gapi.emulators.netty.HttpVersionRoutingHandler channelRead
INFO: Detected non-HTTP/2 connection.
Jun 06, 2026 7:28:37 P.M. io.gapi.emulators.netty.HttpVersionRoutingHandler channelRead
INFO: Detected non-HTTP/2 connection.
Jun 06, 2026 7:28:37 P.M. io.gapi.emulators.netty.HttpVersionRoutingHandler channelRead
INFO: Detected non-HTTP/2 connection.
Jun 06, 2026 7:28:37 P.M. io.gapi.emulators.netty.HttpVersionRoutingHandler channelRead
INFO: Detected non-HTTP/2 connection.
Jun 06, 2026 7:28:46 P.M. io.gapi.emulators.netty.HttpVersionRoutingHandler channelRead
INFO: Detected HTTP/2 connection.
Jun 06, 2026 7:29:29 P.M. io.gapi.emulators.netty.HttpVersionRoutingHandler channelRead
INFO: Detected non-HTTP/2 connection.
Jun 06, 2026 7:29:29 P.M. io.gapi.emulators.netty.HttpVersionRoutingHandler channelRead
INFO: Detected non-HTTP/2 connection.
Jun 06, 2026 7:29:29 P.M. io.gapi.emulators.netty.HttpVersionRoutingHandler channelRead
INFO: Detected non-HTTP/2 connection.
Jun 06, 2026 7:29:29 P.M. io.gapi.emulators.netty.HttpVersionRoutingHandler channelRead
INFO: Detected non-HTTP/2 connection.
Jun 06, 2026 7:29:29 P.M. io.gapi.emulators.netty.HttpVersionRoutingHandler channelRead
INFO: Detected non-HTTP/2 connection.
Jun 06, 2026 7:30:29 P.M. io.gapi.emulators.netty.HttpVersionRoutingHandler channelRead
INFO: Detected non-HTTP/2 connection.
Jun 06, 2026 7:30:29 P.M. io.gapi.emulators.netty.HttpVersionRoutingHandler channelRead
INFO: Detected non-HTTP/2 connection.
Jun 06, 2026 7:30:29 P.M. com.google.cloud.datastore.emulator.firestore.webchannel.FirestoreV1WebChannelAdapter$FirestoreWriteHandler onClose
INFO: channel closed
Jun 06, 2026 7:31:35 P.M. io.gapi.emulators.netty.HttpVersionRoutingHandler channelRead
INFO: Detected non-HTTP/2 connection.
Jun 06, 2026 7:32:36 P.M. io.gapi.emulators.netty.HttpVersionRoutingHandler channelRead
INFO: Detected non-HTTP/2 connection.
Jun 06, 2026 7:33:02 P.M. io.gapi.emulators.netty.HttpVersionRoutingHandler channelRead
INFO: Detected non-HTTP/2 connection.
Jun 06, 2026 7:33:02 P.M. io.gapi.emulators.netty.HttpVersionRoutingHandler channelRead
INFO: Detected non-HTTP/2 connection.
Jun 06, 2026 7:33:02 P.M. io.gapi.emulators.netty.HttpVersionRoutingHandler channelRead
INFO: Detected non-HTTP/2 connection.
Jun 06, 2026 7:33:02 P.M. io.gapi.emulators.netty.HttpVersionRoutingHandler channelRead
INFO: Detected non-HTTP/2 connection.
Jun 06, 2026 7:33:02 P.M. io.gapi.emulators.netty.HttpVersionRoutingHandler channelRead
INFO: Detected non-HTTP/2 connection.
Jun 06, 2026 7:33:07 P.M. io.gapi.emulators.netty.HttpVersionRoutingHandler channelRead
INFO: Detected non-HTTP/2 connection.
Jun 06, 2026 7:33:07 P.M. io.gapi.emulators.netty.HttpVersionRoutingHandler channelRead
INFO: Detected non-HTTP/2 connection.
Jun 06, 2026 7:33:07 P.M. io.gapi.emulators.netty.HttpVersionRoutingHandler channelRead
INFO: Detected non-HTTP/2 connection.
Jun 06, 2026 7:33:16 P.M. io.gapi.emulators.netty.HttpVersionRoutingHandler channelRead
INFO: Detected non-HTTP/2 connection.
Jun 06, 2026 7:33:16 P.M. io.gapi.emulators.netty.HttpVersionRoutingHandler channelRead
INFO: Detected non-HTTP/2 connection.
Jun 06, 2026 7:33:16 P.M. io.gapi.emulators.netty.HttpVersionRoutingHandler channelRead
INFO: Detected non-HTTP/2 connection.
Jun 06, 2026 7:33:17 P.M. io.gapi.emulators.netty.HttpVersionRoutingHandler channelRead
INFO: Detected non-HTTP/2 connection.
Jun 06, 2026 7:33:17 P.M. io.gapi.emulators.netty.HttpVersionRoutingHandler channelRead
INFO: Detected non-HTTP/2 connection.
Jun 06, 2026 7:33:17 P.M. io.gapi.emulators.netty.HttpVersionRoutingHandler channelRead
INFO: Detected non-HTTP/2 connection.
Jun 06, 2026 7:33:17 P.M. io.gapi.emulators.netty.HttpVersionRoutingHandler channelRead
INFO: Detected non-HTTP/2 connection.
Jun 06, 2026 7:33:17 P.M. io.gapi.emulators.netty.HttpVersionRoutingHandler channelRead
INFO: Detected non-HTTP/2 connection.
Jun 06, 2026 7:33:21 P.M. io.gapi.emulators.netty.HttpVersionRoutingHandler channelRead
INFO: Detected non-HTTP/2 connection.
Jun 06, 2026 7:33:21 P.M. io.gapi.emulators.netty.HttpVersionRoutingHandler channelRead
INFO: Detected non-HTTP/2 connection.
Jun 06, 2026 7:33:23 P.M. io.gapi.emulators.netty.HttpVersionRoutingHandler channelRead
INFO: Detected non-HTTP/2 connection.
Jun 06, 2026 7:33:23 P.M. io.gapi.emulators.netty.HttpVersionRoutingHandler channelRead
INFO: Detected non-HTTP/2 connection.
Jun 06, 2026 7:33:23 P.M. com.google.cloud.datastore.emulator.firestore.webchannel.FirestoreV1WebChannelAdapter$FirestoreWriteHandler onClose
INFO: channel closed
Jun 06, 2026 7:33:23 P.M. com.google.cloud.datastore.emulator.firestore.webchannel.FirestoreV1WebChannelAdapter$FirestoreListenHandler onClose
INFO: channel closed
Jun 06, 2026 7:33:39 P.M. io.gapi.emulators.netty.HttpVersionRoutingHandler channelRead
INFO: Detected non-HTTP/2 connection.
Jun 06, 2026 7:33:39 P.M. io.gapi.emulators.netty.HttpVersionRoutingHandler channelRead
INFO: Detected non-HTTP/2 connection.
Jun 06, 2026 7:33:39 P.M. io.gapi.emulators.netty.HttpVersionRoutingHandler channelRead
INFO: Detected non-HTTP/2 connection.
Jun 06, 2026 7:33:39 P.M. io.gapi.emulators.netty.HttpVersionRoutingHandler channelRead
INFO: Detected non-HTTP/2 connection.
Jun 06, 2026 7:33:39 P.M. io.gapi.emulators.netty.HttpVersionRoutingHandler channelRead
INFO: Detected non-HTTP/2 connection.
Jun 06, 2026 7:33:39 P.M. io.gapi.emulators.netty.HttpVersionRoutingHandler channelRead
INFO: Detected non-HTTP/2 connection.
Jun 06, 2026 7:33:43 P.M. io.gapi.emulators.netty.HttpVersionRoutingHandler channelRead
INFO: Detected HTTP/2 connection.
Jun 06, 2026 7:34:36 P.M. io.gapi.emulators.netty.HttpVersionRoutingHandler channelRead
INFO: Detected non-HTTP/2 connection.
Jun 06, 2026 7:34:36 P.M. io.gapi.emulators.netty.HttpVersionRoutingHandler channelRead
INFO: Detected non-HTTP/2 connection.
Jun 06, 2026 7:34:36 P.M. io.gapi.emulators.netty.HttpVersionRoutingHandler channelRead
INFO: Detected non-HTTP/2 connection.
Jun 06, 2026 7:34:39 P.M. io.gapi.emulators.netty.HttpVersionRoutingHandler channelRead
INFO: Detected non-HTTP/2 connection.
Jun 06, 2026 7:34:39 P.M. com.google.cloud.datastore.emulator.firestore.webchannel.FirestoreV1WebChannelAdapter$FirestoreListenHandler onClose
INFO: channel closed
Jun 06, 2026 7:34:39 P.M. io.gapi.emulators.netty.HttpVersionRoutingHandler channelRead
INFO: Detected non-HTTP/2 connection.
Jun 06, 2026 7:34:39 P.M. com.google.cloud.datastore.emulator.firestore.webchannel.FirestoreV1WebChannelAdapter$FirestoreWriteHandler onClose
INFO: channel closed
Jun 06, 2026 7:35:01 P.M. io.gapi.emulators.netty.HttpVersionRoutingHandler channelRead
INFO: Detected non-HTTP/2 connection.
Jun 06, 2026 7:35:01 P.M. io.gapi.emulators.netty.HttpVersionRoutingHandler channelRead
INFO: Detected non-HTTP/2 connection.
Jun 06, 2026 7:35:01 P.M. io.gapi.emulators.netty.HttpVersionRoutingHandler channelRead
INFO: Detected non-HTTP/2 connection.
Jun 06, 2026 7:35:01 P.M. io.gapi.emulators.netty.HttpVersionRoutingHandler channelRead
INFO: Detected non-HTTP/2 connection.
Jun 06, 2026 7:35:01 P.M. io.gapi.emulators.netty.HttpVersionRoutingHandler channelRead
INFO: Detected non-HTTP/2 connection.
Jun 06, 2026 7:35:02 P.M. io.gapi.emulators.netty.HttpVersionRoutingHandler channelRead
INFO: Detected non-HTTP/2 connection.
Jun 06, 2026 7:35:02 P.M. io.gapi.emulators.netty.HttpVersionRoutingHandler channelRead
INFO: Detected non-HTTP/2 connection.
Jun 06, 2026 7:35:02 P.M. com.google.cloud.datastore.emulator.firestore.webchannel.FirestoreV1WebChannelAdapter$FirestoreListenHandler onClose
INFO: channel closed
Jun 06, 2026 7:35:02 P.M. com.google.cloud.datastore.emulator.firestore.webchannel.FirestoreV1WebChannelAdapter$FirestoreWriteHandler onClose
INFO: channel closed
Jun 06, 2026 7:35:05 P.M. io.gapi.emulators.netty.HttpVersionRoutingHandler channelRead
INFO: Detected non-HTTP/2 connection.
Jun 06, 2026 7:35:05 P.M. io.gapi.emulators.netty.HttpVersionRoutingHandler channelRead
INFO: Detected non-HTTP/2 connection.
Jun 06, 2026 7:35:08 P.M. com.google.cloud.datastore.emulator.firestore.websocket.WebSocketChannelHandler channelClosed
INFO: Websocket client disconnected
Jun 06, 2026 7:35:08 P.M. com.google.cloud.datastore.emulator.firestore.websocket.WebSocketChannelHandler initChannel
INFO: Connected to new websocket client
Jun 06, 2026 7:35:08 P.M. io.gapi.emulators.netty.HttpVersionRoutingHandler channelRead
INFO: Detected non-HTTP/2 connection.
Jun 06, 2026 7:35:18 P.M. io.gapi.emulators.netty.HttpVersionRoutingHandler channelRead
INFO: Detected non-HTTP/2 connection.
Jun 06, 2026 7:35:25 P.M. io.gapi.emulators.netty.HttpVersionRoutingHandler channelRead
INFO: Detected non-HTTP/2 connection.
Jun 06, 2026 7:35:33 P.M. io.gapi.emulators.netty.HttpVersionRoutingHandler channelRead
INFO: Detected non-HTTP/2 connection.
Jun 06, 2026 7:35:33 P.M. io.gapi.emulators.netty.HttpVersionRoutingHandler channelRead
INFO: Detected non-HTTP/2 connection.
Jun 06, 2026 7:35:33 P.M. io.gapi.emulators.netty.HttpVersionRoutingHandler channelRead
INFO: Detected non-HTTP/2 connection.
Jun 06, 2026 7:35:53 P.M. io.gapi.emulators.netty.HttpVersionRoutingHandler channelRead
INFO: Detected non-HTTP/2 connection.
Jun 06, 2026 7:36:03 P.M. io.gapi.emulators.netty.HttpVersionRoutingHandler channelRead
INFO: Detected non-HTTP/2 connection.
Jun 06, 2026 7:36:36 P.M. io.gapi.emulators.netty.HttpVersionRoutingHandler channelRead
INFO: Detected non-HTTP/2 connection.
Jun 06, 2026 7:36:36 P.M. io.gapi.emulators.netty.HttpVersionRoutingHandler channelRead
INFO: Detected non-HTTP/2 connection.
Jun 06, 2026 7:36:36 P.M. io.gapi.emulators.netty.HttpVersionRoutingHandler channelRead
INFO: Detected non-HTTP/2 connection.
Jun 06, 2026 7:36:36 P.M. io.gapi.emulators.netty.HttpVersionRoutingHandler channelRead
INFO: Detected non-HTTP/2 connection.
Jun 06, 2026 7:36:56 P.M. io.gapi.emulators.netty.HttpVersionRoutingHandler channelRead
INFO: Detected non-HTTP/2 connection.
Jun 06, 2026 7:37:04 P.M. io.gapi.emulators.netty.HttpVersionRoutingHandler channelRead
INFO: Detected non-HTTP/2 connection.
Jun 06, 2026 7:37:04 P.M. io.gapi.emulators.netty.HttpVersionRoutingHandler channelRead
INFO: Detected non-HTTP/2 connection.
Jun 06, 2026 7:37:04 P.M. io.gapi.emulators.netty.HttpVersionRoutingHandler channelRead
INFO: Detected non-HTTP/2 connection.
Jun 06, 2026 7:37:04 P.M. io.gapi.emulators.netty.HttpVersionRoutingHandler channelRead
INFO: Detected non-HTTP/2 connection.
Jun 06, 2026 7:37:04 P.M. io.gapi.emulators.netty.HttpVersionRoutingHandler channelRead
INFO: Detected non-HTTP/2 connection.
Jun 06, 2026 7:37:04 P.M. io.gapi.emulators.netty.HttpVersionRoutingHandler channelRead
INFO: Detected non-HTTP/2 connection.
Jun 06, 2026 7:37:08 P.M. com.google.cloud.datastore.emulator.firestore.websocket.WebSocketChannelHandler channelClosed
INFO: Websocket client disconnected
Jun 06, 2026 7:37:08 P.M. com.google.cloud.datastore.emulator.firestore.websocket.WebSocketChannelHandler initChannel
INFO: Connected to new websocket client
Jun 06, 2026 7:37:08 P.M. io.gapi.emulators.netty.HttpVersionRoutingHandler channelRead
INFO: Detected non-HTTP/2 connection.
Jun 06, 2026 7:37:08 P.M. io.gapi.emulators.netty.HttpVersionRoutingHandler channelRead
INFO: Detected non-HTTP/2 connection.
Jun 06, 2026 7:37:08 P.M. io.gapi.emulators.netty.HttpVersionRoutingHandler channelRead
INFO: Detected non-HTTP/2 connection.
Jun 06, 2026 7:37:09 P.M. io.gapi.emulators.netty.HttpVersionRoutingHandler channelRead
INFO: Detected non-HTTP/2 connection.
Jun 06, 2026 7:37:10 P.M. io.gapi.emulators.netty.HttpVersionRoutingHandler channelRead
INFO: Detected non-HTTP/2 connection.
Jun 06, 2026 7:37:11 P.M. io.gapi.emulators.netty.HttpVersionRoutingHandler channelRead
INFO: Detected non-HTTP/2 connection.
Jun 06, 2026 7:38:02 P.M. io.gapi.emulators.netty.HttpVersionRoutingHandler channelRead
INFO: Detected HTTP/2 connection.
Jun 06, 2026 7:38:02 P.M. io.gapi.emulators.netty.HttpVersionRoutingHandler channelRead
INFO: Detected HTTP/2 connection.
Jun 06, 2026 7:38:02 P.M. io.gapi.emulators.netty.HttpVersionRoutingHandler channelRead
INFO: Detected HTTP/2 connection.
Jun 06, 2026 7:38:02 P.M. io.gapi.emulators.netty.HttpVersionRoutingHandler channelRead
INFO: Detected HTTP/2 connection.
Jun 06, 2026 7:38:02 P.M. io.gapi.emulators.netty.HttpVersionRoutingHandler channelRead
INFO: Detected HTTP/2 connection.
Jun 06, 2026 7:38:03 P.M. io.gapi.emulators.netty.HttpVersionRoutingHandler channelRead
INFO: Detected non-HTTP/2 connection.
Jun 06, 2026 7:38:03 P.M. io.gapi.emulators.netty.HttpVersionRoutingHandler channelRead
INFO: Detected non-HTTP/2 connection.
Jun 06, 2026 7:38:03 P.M. io.gapi.emulators.netty.HttpVersionRoutingHandler channelRead
INFO: Detected non-HTTP/2 connection.
Jun 06, 2026 7:38:04 P.M. io.gapi.emulators.netty.HttpVersionRoutingHandler channelRead
INFO: Detected non-HTTP/2 connection.
Jun 06, 2026 7:38:04 P.M. io.gapi.emulators.netty.HttpVersionRoutingHandler channelRead
INFO: Detected non-HTTP/2 connection.
Jun 06, 2026 7:38:08 P.M. io.gapi.emulators.netty.HttpVersionRoutingHandler channelRead
INFO: Detected non-HTTP/2 connection.
Jun 06, 2026 7:39:04 P.M. io.gapi.emulators.netty.HttpVersionRoutingHandler channelRead
INFO: Detected non-HTTP/2 connection.
Jun 06, 2026 7:39:04 P.M. io.netty.channel.DefaultChannelPipeline onUnhandledInboundException
WARNING: An exceptionCaught() event was fired, and it reached at the tail of the pipeline. It usually means the last handler in the pipeline did not handle the exception.
io.netty.channel.StacklessClosedChannelException
	at io.netty.channel.AbstractChannel$AbstractUnsafe.write(Object, ChannelPromise)(Unknown Source)

Jun 06, 2026 7:39:04 P.M. io.gapi.emulators.netty.HttpVersionRoutingHandler channelRead
INFO: Detected non-HTTP/2 connection.
Jun 06, 2026 7:39:04 P.M. com.google.cloud.datastore.emulator.firestore.webchannel.FirestoreV1WebChannelAdapter$FirestoreWriteHandler onClose
INFO: channel closed
Jun 06, 2026 7:39:08 P.M. io.gapi.emulators.netty.HttpVersionRoutingHandler channelRead
INFO: Detected non-HTTP/2 connection.
Jun 06, 2026 7:40:04 P.M. io.gapi.emulators.netty.HttpVersionRoutingHandler channelRead
INFO: Detected non-HTTP/2 connection.
Jun 06, 2026 7:40:08 P.M. io.gapi.emulators.netty.HttpVersionRoutingHandler channelRead
INFO: Detected non-HTTP/2 connection.
Jun 06, 2026 7:40:43 P.M. io.gapi.emulators.netty.HttpVersionRoutingHandler channelRead
INFO: Detected non-HTTP/2 connection.
Jun 06, 2026 7:40:43 P.M. io.gapi.emulators.netty.HttpVersionRoutingHandler channelRead
INFO: Detected non-HTTP/2 connection.
Jun 06, 2026 7:40:43 P.M. io.gapi.emulators.netty.HttpVersionRoutingHandler channelRead
INFO: Detected non-HTTP/2 connection.
Jun 06, 2026 7:40:43 P.M. io.gapi.emulators.netty.HttpVersionRoutingHandler channelRead
INFO: Detected non-HTTP/2 connection.
Jun 06, 2026 7:40:43 P.M. io.gapi.emulators.netty.HttpVersionRoutingHandler channelRead
INFO: Detected non-HTTP/2 connection.
Jun 06, 2026 7:41:18 P.M. io.gapi.emulators.netty.HttpVersionRoutingHandler channelRead
INFO: Detected non-HTTP/2 connection.
Jun 06, 2026 7:41:43 P.M. io.gapi.emulators.netty.HttpVersionRoutingHandler channelRead
INFO: Detected non-HTTP/2 connection.
Jun 06, 2026 7:41:43 P.M. io.gapi.emulators.netty.HttpVersionRoutingHandler channelRead
INFO: Detected non-HTTP/2 connection.
Jun 06, 2026 7:41:43 P.M. com.google.cloud.datastore.emulator.firestore.webchannel.FirestoreV1WebChannelAdapter$FirestoreWriteHandler onClose
INFO: channel closed
Jun 06, 2026 7:42:18 P.M. io.gapi.emulators.netty.HttpVersionRoutingHandler channelRead
INFO: Detected non-HTTP/2 connection.
Jun 06, 2026 7:42:59 P.M. io.gapi.emulators.netty.HttpVersionRoutingHandler channelRead
INFO: Detected non-HTTP/2 connection.
Jun 06, 2026 7:43:18 P.M. io.gapi.emulators.netty.HttpVersionRoutingHandler channelRead
INFO: Detected non-HTTP/2 connection.
Jun 06, 2026 7:43:25 P.M. io.gapi.emulators.netty.HttpVersionRoutingHandler channelRead
INFO: Detected non-HTTP/2 connection.
Jun 06, 2026 7:43:25 P.M. io.gapi.emulators.netty.HttpVersionRoutingHandler channelRead
INFO: Detected non-HTTP/2 connection.
Jun 06, 2026 7:43:25 P.M. io.gapi.emulators.netty.HttpVersionRoutingHandler channelRead
INFO: Detected non-HTTP/2 connection.
Jun 06, 2026 7:43:25 P.M. io.gapi.emulators.netty.HttpVersionRoutingHandler channelRead
INFO: Detected non-HTTP/2 connection.
Jun 06, 2026 7:43:25 P.M. io.gapi.emulators.netty.HttpVersionRoutingHandler channelRead
INFO: Detected non-HTTP/2 connection.
Jun 06, 2026 7:43:28 P.M. io.gapi.emulators.netty.HttpVersionRoutingHandler channelRead
INFO: Detected non-HTTP/2 connection.
Jun 06, 2026 7:43:29 P.M. io.gapi.emulators.netty.HttpVersionRoutingHandler channelRead
INFO: Detected non-HTTP/2 connection.
Jun 06, 2026 7:43:29 P.M. io.gapi.emulators.netty.HttpVersionRoutingHandler channelRead
INFO: Detected non-HTTP/2 connection.
Jun 06, 2026 7:43:29 P.M. io.gapi.emulators.netty.HttpVersionRoutingHandler channelRead
INFO: Detected non-HTTP/2 connection.
Jun 06, 2026 7:43:34 P.M. io.gapi.emulators.netty.HttpVersionRoutingHandler channelRead
INFO: Detected non-HTTP/2 connection.
Jun 06, 2026 7:43:59 P.M. io.gapi.emulators.netty.HttpVersionRoutingHandler channelRead
INFO: Detected non-HTTP/2 connection.
Jun 06, 2026 7:44:01 P.M. io.gapi.emulators.netty.HttpVersionRoutingHandler channelRead
INFO: Detected non-HTTP/2 connection.
Jun 06, 2026 7:44:01 P.M. io.gapi.emulators.netty.HttpVersionRoutingHandler channelRead
INFO: Detected non-HTTP/2 connection.
Jun 06, 2026 7:44:07 P.M. io.gapi.emulators.netty.HttpVersionRoutingHandler channelRead
INFO: Detected non-HTTP/2 connection.
Jun 06, 2026 7:44:13 P.M. io.gapi.emulators.netty.HttpVersionRoutingHandler channelRead
INFO: Detected non-HTTP/2 connection.
Jun 06, 2026 7:44:25 P.M. io.gapi.emulators.netty.HttpVersionRoutingHandler channelRead
INFO: Detected HTTP/2 connection.
Jun 06, 2026 7:44:27 P.M. io.gapi.emulators.netty.HttpVersionRoutingHandler channelRead
INFO: Detected non-HTTP/2 connection.
Jun 06, 2026 7:44:29 P.M. io.gapi.emulators.netty.HttpVersionRoutingHandler channelRead
INFO: Detected non-HTTP/2 connection.
Jun 06, 2026 7:44:29 P.M. com.google.cloud.datastore.emulator.firestore.webchannel.FirestoreV1WebChannelAdapter$FirestoreWriteHandler onClose
INFO: channel closed
Jun 06, 2026 7:44:30 P.M. io.gapi.emulators.netty.HttpVersionRoutingHandler channelRead
INFO: Detected non-HTTP/2 connection.
Jun 06, 2026 7:44:34 P.M. io.gapi.emulators.netty.HttpVersionRoutingHandler channelRead
INFO: Detected non-HTTP/2 connection.
Jun 06, 2026 7:44:36 P.M. io.gapi.emulators.netty.HttpVersionRoutingHandler channelRead
INFO: Detected non-HTTP/2 connection.
Jun 06, 2026 7:44:54 P.M. io.gapi.emulators.netty.HttpVersionRoutingHandler channelRead
INFO: Detected non-HTTP/2 connection.
Jun 06, 2026 7:44:56 P.M. io.gapi.emulators.netty.HttpVersionRoutingHandler channelRead
INFO: Detected non-HTTP/2 connection.
Jun 06, 2026 7:45:06 P.M. io.gapi.emulators.netty.HttpVersionRoutingHandler channelRead
INFO: Detected non-HTTP/2 connection.
Jun 06, 2026 7:46:03 P.M. io.gapi.emulators.netty.HttpVersionRoutingHandler channelRead
INFO: Detected non-HTTP/2 connection.
Jun 06, 2026 7:46:06 P.M. io.gapi.emulators.netty.HttpVersionRoutingHandler channelRead
INFO: Detected non-HTTP/2 connection.
Jun 06, 2026 7:46:53 P.M. io.gapi.emulators.netty.HttpVersionRoutingHandler channelRead
INFO: Detected non-HTTP/2 connection.
Jun 06, 2026 7:46:53 P.M. com.google.cloud.datastore.emulator.firestore.webchannel.FirestoreV1WebChannelAdapter$FirestoreListenHandler onClose
INFO: channel closed
Jun 06, 2026 7:47:02 P.M. io.gapi.emulators.netty.HttpVersionRoutingHandler channelRead
INFO: Detected non-HTTP/2 connection.
Jun 06, 2026 7:47:02 P.M. io.gapi.emulators.netty.HttpVersionRoutingHandler channelRead
INFO: Detected non-HTTP/2 connection.
Jun 06, 2026 7:47:02 P.M. io.gapi.emulators.netty.HttpVersionRoutingHandler channelRead
INFO: Detected non-HTTP/2 connection.
Jun 06, 2026 7:47:02 P.M. io.gapi.emulators.netty.HttpVersionRoutingHandler channelRead
INFO: Detected non-HTTP/2 connection.
Jun 06, 2026 7:47:02 P.M. io.gapi.emulators.netty.HttpVersionRoutingHandler channelRead
INFO: Detected non-HTTP/2 connection.
Jun 06, 2026 7:47:02 P.M. io.gapi.emulators.netty.HttpVersionRoutingHandler channelRead
INFO: Detected non-HTTP/2 connection.
Jun 06, 2026 7:47:06 P.M. io.gapi.emulators.netty.HttpVersionRoutingHandler channelRead
INFO: Detected non-HTTP/2 connection.
Jun 06, 2026 7:47:07 P.M. io.gapi.emulators.netty.HttpVersionRoutingHandler channelRead
INFO: Detected HTTP/2 connection.
Jun 06, 2026 7:47:57 P.M. io.gapi.emulators.netty.HttpVersionRoutingHandler channelRead
INFO: Detected HTTP/2 connection.
Jun 06, 2026 7:47:57 P.M. io.gapi.emulators.netty.HttpVersionRoutingHandler channelRead
INFO: Detected HTTP/2 connection.
Jun 06, 2026 7:47:57 P.M. io.gapi.emulators.netty.HttpVersionRoutingHandler channelRead
INFO: Detected HTTP/2 connection.
Jun 06, 2026 7:47:57 P.M. io.gapi.emulators.netty.HttpVersionRoutingHandler channelRead
INFO: Detected HTTP/2 connection.
Jun 06, 2026 7:47:57 P.M. io.gapi.emulators.netty.HttpVersionRoutingHandler channelRead
INFO: Detected HTTP/2 connection.
Jun 06, 2026 7:47:59 P.M. io.gapi.emulators.netty.HttpVersionRoutingHandler channelRead
INFO: Detected non-HTTP/2 connection.
Jun 06, 2026 7:47:59 P.M. io.gapi.emulators.netty.HttpVersionRoutingHandler channelRead
INFO: Detected non-HTTP/2 connection.
Jun 06, 2026 7:47:59 P.M. io.gapi.emulators.netty.HttpVersionRoutingHandler channelRead
INFO: Detected non-HTTP/2 connection.
Jun 06, 2026 7:47:59 P.M. io.gapi.emulators.netty.HttpVersionRoutingHandler channelRead
INFO: Detected non-HTTP/2 connection.
Jun 06, 2026 7:47:59 P.M. io.gapi.emulators.netty.HttpVersionRoutingHandler channelRead
INFO: Detected non-HTTP/2 connection.
Jun 06, 2026 7:48:06 P.M. io.gapi.emulators.netty.HttpVersionRoutingHandler channelRead
INFO: Detected non-HTTP/2 connection.
Jun 06, 2026 7:48:16 P.M. io.gapi.emulators.netty.HttpVersionRoutingHandler channelRead
INFO: Detected non-HTTP/2 connection.
Jun 06, 2026 7:48:18 P.M. com.google.cloud.datastore.emulator.firestore.websocket.WebSocketChannelHandler channelClosed
INFO: Websocket client disconnected
Jun 06, 2026 7:48:18 P.M. com.google.cloud.datastore.emulator.firestore.websocket.WebSocketChannelHandler initChannel
INFO: Connected to new websocket client
Jun 06, 2026 7:48:18 P.M. io.gapi.emulators.netty.HttpVersionRoutingHandler channelRead
INFO: Detected non-HTTP/2 connection.
Jun 06, 2026 7:48:28 P.M. io.gapi.emulators.netty.HttpVersionRoutingHandler channelRead
INFO: Detected non-HTTP/2 connection.
Jun 06, 2026 7:48:45 P.M. io.gapi.emulators.netty.HttpVersionRoutingHandler channelRead
INFO: Detected non-HTTP/2 connection.
Jun 06, 2026 7:48:56 P.M. io.gapi.emulators.netty.HttpVersionRoutingHandler channelRead
INFO: Detected non-HTTP/2 connection.
Jun 06, 2026 7:48:56 P.M. io.gapi.emulators.netty.HttpVersionRoutingHandler channelRead
INFO: Detected non-HTTP/2 connection.
Jun 06, 2026 7:48:56 P.M. com.google.cloud.datastore.emulator.firestore.webchannel.FirestoreV1WebChannelAdapter$FirestoreListenHandler onClose
INFO: channel closed
Jun 06, 2026 7:48:56 P.M. com.google.cloud.datastore.emulator.firestore.webchannel.FirestoreV1WebChannelAdapter$FirestoreWriteHandler onClose
INFO: channel closed
Jun 06, 2026 7:49:03 P.M. io.gapi.emulators.netty.HttpVersionRoutingHandler channelRead
INFO: Detected non-HTTP/2 connection.
Jun 06, 2026 7:49:03 P.M. io.gapi.emulators.netty.HttpVersionRoutingHandler channelRead
INFO: Detected non-HTTP/2 connection.
Jun 06, 2026 7:49:03 P.M. io.gapi.emulators.netty.HttpVersionRoutingHandler channelRead
INFO: Detected non-HTTP/2 connection.
Jun 06, 2026 7:49:03 P.M. io.gapi.emulators.netty.HttpVersionRoutingHandler channelRead
INFO: Detected non-HTTP/2 connection.
Jun 06, 2026 7:49:03 P.M. io.gapi.emulators.netty.HttpVersionRoutingHandler channelRead
INFO: Detected non-HTTP/2 connection.
Jun 06, 2026 7:49:07 P.M. io.gapi.emulators.netty.HttpVersionRoutingHandler channelRead
INFO: Detected non-HTTP/2 connection.
Jun 06, 2026 7:49:21 P.M. io.gapi.emulators.netty.HttpVersionRoutingHandler channelRead
INFO: Detected non-HTTP/2 connection.
Jun 06, 2026 7:49:21 P.M. io.gapi.emulators.netty.HttpVersionRoutingHandler channelRead
INFO: Detected non-HTTP/2 connection.
Jun 06, 2026 7:49:25 P.M. io.gapi.emulators.netty.HttpVersionRoutingHandler channelRead
INFO: Detected non-HTTP/2 connection.
Jun 06, 2026 7:49:25 P.M. io.gapi.emulators.netty.HttpVersionRoutingHandler channelRead
INFO: Detected non-HTTP/2 connection.
Jun 06, 2026 7:49:25 P.M. io.gapi.emulators.netty.HttpVersionRoutingHandler channelRead
INFO: Detected non-HTTP/2 connection.
Jun 06, 2026 7:49:25 P.M. io.gapi.emulators.netty.HttpVersionRoutingHandler channelRead
INFO: Detected non-HTTP/2 connection.
Jun 06, 2026 7:49:25 P.M. io.gapi.emulators.netty.HttpVersionRoutingHandler channelRead
INFO: Detected non-HTTP/2 connection.
Jun 06, 2026 7:49:28 P.M. io.gapi.emulators.netty.HttpVersionRoutingHandler channelRead
INFO: Detected non-HTTP/2 connection.
Jun 06, 2026 7:49:55 P.M. io.gapi.emulators.netty.HttpVersionRoutingHandler channelRead
INFO: Detected non-HTTP/2 connection.
Jun 06, 2026 7:50:03 P.M. io.gapi.emulators.netty.HttpVersionRoutingHandler channelRead
INFO: Detected non-HTTP/2 connection.
Jun 06, 2026 7:50:03 P.M. com.google.cloud.datastore.emulator.firestore.webchannel.FirestoreV1WebChannelAdapter$FirestoreWriteHandler onClose
INFO: channel closed
Jun 06, 2026 7:50:09 P.M. io.gapi.emulators.netty.HttpVersionRoutingHandler channelRead
INFO: Detected non-HTTP/2 connection.
Jun 06, 2026 7:50:09 P.M. io.gapi.emulators.netty.HttpVersionRoutingHandler channelRead
INFO: Detected non-HTTP/2 connection.
Jun 06, 2026 7:50:09 P.M. io.gapi.emulators.netty.HttpVersionRoutingHandler channelRead
INFO: Detected non-HTTP/2 connection.
Jun 06, 2026 7:50:09 P.M. io.gapi.emulators.netty.HttpVersionRoutingHandler channelRead
INFO: Detected non-HTTP/2 connection.
Jun 06, 2026 7:50:12 P.M. io.gapi.emulators.netty.HttpVersionRoutingHandler channelRead
INFO: Detected non-HTTP/2 connection.
Jun 06, 2026 7:50:12 P.M. io.gapi.emulators.netty.HttpVersionRoutingHandler channelRead
INFO: Detected non-HTTP/2 connection.
Jun 06, 2026 7:50:12 P.M. io.gapi.emulators.netty.HttpVersionRoutingHandler channelRead
INFO: Detected non-HTTP/2 connection.
Jun 06, 2026 7:50:12 P.M. io.gapi.emulators.netty.HttpVersionRoutingHandler channelRead
INFO: Detected non-HTTP/2 connection.
Jun 06, 2026 7:50:12 P.M. io.gapi.emulators.netty.HttpVersionRoutingHandler channelRead
INFO: Detected non-HTTP/2 connection.
Jun 06, 2026 7:50:18 P.M. io.gapi.emulators.netty.HttpVersionRoutingHandler channelRead
INFO: Detected non-HTTP/2 connection.
Jun 06, 2026 7:50:21 P.M. com.google.cloud.datastore.emulator.firestore.webchannel.FirestoreV1WebChannelAdapter$FirestoreWriteHandler onClose
INFO: channel closed
Jun 06, 2026 7:50:28 P.M. io.gapi.emulators.netty.HttpVersionRoutingHandler channelRead
INFO: Detected non-HTTP/2 connection.
Jun 06, 2026 7:50:42 P.M. io.gapi.emulators.netty.HttpVersionRoutingHandler channelRead
INFO: Detected non-HTTP/2 connection.
Jun 06, 2026 7:51:12 P.M. io.gapi.emulators.netty.HttpVersionRoutingHandler channelRead
INFO: Detected non-HTTP/2 connection.
Jun 06, 2026 7:51:12 P.M. com.google.cloud.datastore.emulator.firestore.webchannel.FirestoreV1WebChannelAdapter$FirestoreListenHandler onClose
INFO: channel closed
Jun 06, 2026 7:51:12 P.M. io.gapi.emulators.netty.HttpVersionRoutingHandler channelRead
INFO: Detected non-HTTP/2 connection.
Jun 06, 2026 7:51:12 P.M. com.google.cloud.datastore.emulator.firestore.webchannel.FirestoreV1WebChannelAdapter$FirestoreWriteHandler onClose
INFO: channel closed
Jun 06, 2026 7:51:18 P.M. io.gapi.emulators.netty.HttpVersionRoutingHandler channelRead
INFO: Detected non-HTTP/2 connection.
Jun 06, 2026 7:52:18 P.M. io.gapi.emulators.netty.HttpVersionRoutingHandler channelRead
INFO: Detected non-HTTP/2 connection.
Jun 06, 2026 7:53:18 P.M. io.gapi.emulators.netty.HttpVersionRoutingHandler channelRead
INFO: Detected non-HTTP/2 connection.
Jun 06, 2026 7:54:28 P.M. io.gapi.emulators.netty.HttpVersionRoutingHandler channelRead
INFO: Detected non-HTTP/2 connection.
Jun 06, 2026 7:55:28 P.M. io.gapi.emulators.netty.HttpVersionRoutingHandler channelRead
INFO: Detected non-HTTP/2 connection.
Jun 06, 2026 7:55:28 P.M. io.gapi.emulators.netty.HttpVersionRoutingHandler channelRead
INFO: Detected non-HTTP/2 connection.
Jun 06, 2026 7:55:28 P.M. io.gapi.emulators.netty.HttpVersionRoutingHandler channelRead
INFO: Detected non-HTTP/2 connection.
Jun 06, 2026 7:55:28 P.M. io.gapi.emulators.netty.HttpVersionRoutingHandler channelRead
INFO: Detected non-HTTP/2 connection.
Jun 06, 2026 7:55:28 P.M. io.gapi.emulators.netty.HttpVersionRoutingHandler channelRead
INFO: Detected non-HTTP/2 connection.
Jun 06, 2026 7:55:28 P.M. io.gapi.emulators.netty.HttpVersionRoutingHandler channelRead
INFO: Detected non-HTTP/2 connection.
Jun 06, 2026 7:55:28 P.M. io.gapi.emulators.netty.HttpVersionRoutingHandler channelRead
INFO: Detected non-HTTP/2 connection.
Jun 06, 2026 7:56:28 P.M. io.gapi.emulators.netty.HttpVersionRoutingHandler channelRead
INFO: Detected non-HTTP/2 connection.
Jun 06, 2026 7:56:28 P.M. com.google.cloud.datastore.emulator.firestore.webchannel.FirestoreV1WebChannelAdapter$FirestoreListenHandler onClose
INFO: channel closed
Jun 06, 2026 7:56:28 P.M. io.gapi.emulators.netty.HttpVersionRoutingHandler channelRead
INFO: Detected non-HTTP/2 connection.
Jun 06, 2026 7:56:28 P.M. com.google.cloud.datastore.emulator.firestore.webchannel.FirestoreV1WebChannelAdapter$FirestoreWriteHandler onClose
INFO: channel closed
Jun 06, 2026 7:56:29 P.M. io.gapi.emulators.netty.HttpVersionRoutingHandler channelRead
INFO: Detected non-HTTP/2 connection.
Jun 06, 2026 7:57:29 P.M. io.gapi.emulators.netty.HttpVersionRoutingHandler channelRead
INFO: Detected non-HTTP/2 connection.
Jun 06, 2026 7:58:29 P.M. io.gapi.emulators.netty.HttpVersionRoutingHandler channelRead
INFO: Detected non-HTTP/2 connection.
Jun 06, 2026 7:59:29 P.M. io.gapi.emulators.netty.HttpVersionRoutingHandler channelRead
INFO: Detected non-HTTP/2 connection.
Jun 06, 2026 8:00:29 P.M. io.gapi.emulators.netty.HttpVersionRoutingHandler channelRead
INFO: Detected non-HTTP/2 connection.
Jun 06, 2026 8:01:49 P.M. io.gapi.emulators.netty.HttpVersionRoutingHandler channelRead
INFO: Detected non-HTTP/2 connection.
Jun 06, 2026 8:02:49 P.M. io.gapi.emulators.netty.HttpVersionRoutingHandler channelRead
INFO: Detected non-HTTP/2 connection.
Jun 06, 2026 8:03:09 P.M. io.gapi.emulators.netty.HttpVersionRoutingHandler channelRead
INFO: Detected non-HTTP/2 connection.
Jun 06, 2026 8:03:49 P.M. io.gapi.emulators.netty.HttpVersionRoutingHandler channelRead
INFO: Detected non-HTTP/2 connection.
Jun 06, 2026 8:04:59 P.M. io.gapi.emulators.netty.HttpVersionRoutingHandler channelRead
INFO: Detected non-HTTP/2 connection.
Jun 06, 2026 8:05:49 P.M. io.gapi.emulators.netty.HttpVersionRoutingHandler channelRead
INFO: Detected non-HTTP/2 connection.
Jun 06, 2026 8:06:50 P.M. io.gapi.emulators.netty.HttpVersionRoutingHandler channelRead
INFO: Detected non-HTTP/2 connection.
Jun 06, 2026 8:06:52 P.M. io.gapi.emulators.netty.HttpVersionRoutingHandler channelRead
INFO: Detected non-HTTP/2 connection.
Jun 06, 2026 8:06:52 P.M. io.gapi.emulators.netty.HttpVersionRoutingHandler channelRead
INFO: Detected non-HTTP/2 connection.
Jun 06, 2026 8:06:52 P.M. io.gapi.emulators.netty.HttpVersionRoutingHandler channelRead
INFO: Detected non-HTTP/2 connection.
Jun 06, 2026 8:06:52 P.M. io.gapi.emulators.netty.HttpVersionRoutingHandler channelRead
INFO: Detected non-HTTP/2 connection.
Jun 06, 2026 8:06:52 P.M. io.gapi.emulators.netty.HttpVersionRoutingHandler channelRead
INFO: Detected non-HTTP/2 connection.
Jun 06, 2026 8:06:52 P.M. io.gapi.emulators.netty.HttpVersionRoutingHandler channelRead
INFO: Detected non-HTTP/2 connection.
Jun 06, 2026 8:07:52 P.M. io.gapi.emulators.netty.HttpVersionRoutingHandler channelRead
INFO: Detected non-HTTP/2 connection.
Jun 06, 2026 8:07:53 P.M. com.google.cloud.datastore.emulator.firestore.webchannel.FirestoreV1WebChannelAdapter$FirestoreListenHandler onClose
INFO: channel closed
Jun 06, 2026 8:07:53 P.M. io.gapi.emulators.netty.HttpVersionRoutingHandler channelRead
INFO: Detected non-HTTP/2 connection.
Jun 06, 2026 8:07:53 P.M. com.google.cloud.datastore.emulator.firestore.webchannel.FirestoreV1WebChannelAdapter$FirestoreWriteHandler onClose
INFO: channel closed
Jun 06, 2026 8:08:00 P.M. io.gapi.emulators.netty.HttpVersionRoutingHandler channelRead
INFO: Detected non-HTTP/2 connection.
Jun 06, 2026 8:08:56 P.M. io.gapi.emulators.netty.HttpVersionRoutingHandler channelRead
INFO: Detected non-HTTP/2 connection.
Jun 06, 2026 8:08:56 P.M. io.gapi.emulators.netty.HttpVersionRoutingHandler channelRead
INFO: Detected non-HTTP/2 connection.
Jun 06, 2026 8:08:56 P.M. io.gapi.emulators.netty.HttpVersionRoutingHandler channelRead
INFO: Detected non-HTTP/2 connection.
Jun 06, 2026 8:08:56 P.M. io.gapi.emulators.netty.HttpVersionRoutingHandler channelRead
INFO: Detected non-HTTP/2 connection.
Jun 06, 2026 8:08:56 P.M. io.gapi.emulators.netty.HttpVersionRoutingHandler channelRead
INFO: Detected non-HTTP/2 connection.
Jun 06, 2026 8:08:56 P.M. io.gapi.emulators.netty.HttpVersionRoutingHandler channelRead
INFO: Detected non-HTTP/2 connection.
Jun 06, 2026 8:09:00 P.M. io.gapi.emulators.netty.HttpVersionRoutingHandler channelRead
INFO: Detected non-HTTP/2 connection.
Jun 06, 2026 8:09:41 P.M. io.gapi.emulators.netty.HttpVersionRoutingHandler channelRead
INFO: Detected non-HTTP/2 connection.
Jun 06, 2026 8:09:50 P.M. io.gapi.emulators.netty.HttpVersionRoutingHandler channelRead
INFO: Detected non-HTTP/2 connection.
Jun 06, 2026 8:09:56 P.M. io.gapi.emulators.netty.HttpVersionRoutingHandler channelRead
INFO: Detected non-HTTP/2 connection.
Jun 06, 2026 8:09:56 P.M. com.google.cloud.datastore.emulator.firestore.webchannel.FirestoreV1WebChannelAdapter$FirestoreListenHandler onClose
INFO: channel closed
Jun 06, 2026 8:09:56 P.M. io.gapi.emulators.netty.HttpVersionRoutingHandler channelRead
INFO: Detected non-HTTP/2 connection.
Jun 06, 2026 8:09:56 P.M. com.google.cloud.datastore.emulator.firestore.webchannel.FirestoreV1WebChannelAdapter$FirestoreWriteHandler onClose
INFO: channel closed
Jun 06, 2026 8:10:50 P.M. io.gapi.emulators.netty.HttpVersionRoutingHandler channelRead
INFO: Detected non-HTTP/2 connection.
Jun 06, 2026 8:11:50 P.M. io.gapi.emulators.netty.HttpVersionRoutingHandler channelRead
INFO: Detected non-HTTP/2 connection.
Jun 06, 2026 8:12:50 P.M. io.gapi.emulators.netty.HttpVersionRoutingHandler channelRead
INFO: Detected non-HTTP/2 connection.
Jun 06, 2026 8:13:50 P.M. io.gapi.emulators.netty.HttpVersionRoutingHandler channelRead
INFO: Detected non-HTTP/2 connection.
Jun 06, 2026 8:14:11 P.M. io.gapi.emulators.netty.HttpVersionRoutingHandler channelRead
INFO: Detected non-HTTP/2 connection.
Jun 06, 2026 8:14:11 P.M. io.gapi.emulators.netty.HttpVersionRoutingHandler channelRead
INFO: Detected non-HTTP/2 connection.
Jun 06, 2026 8:14:11 P.M. io.gapi.emulators.netty.HttpVersionRoutingHandler channelRead
INFO: Detected non-HTTP/2 connection.
Jun 06, 2026 8:14:11 P.M. io.gapi.emulators.netty.HttpVersionRoutingHandler channelRead
INFO: Detected non-HTTP/2 connection.
Jun 06, 2026 8:14:11 P.M. io.gapi.emulators.netty.HttpVersionRoutingHandler channelRead
INFO: Detected non-HTTP/2 connection.
Jun 06, 2026 8:14:11 P.M. io.gapi.emulators.netty.HttpVersionRoutingHandler channelRead
INFO: Detected non-HTTP/2 connection.
Jun 06, 2026 8:14:22 P.M. io.gapi.emulators.netty.HttpVersionRoutingHandler channelRead
INFO: Detected non-HTTP/2 connection.
Jun 06, 2026 8:14:22 P.M. io.gapi.emulators.netty.HttpVersionRoutingHandler channelRead
INFO: Detected non-HTTP/2 connection.
Jun 06, 2026 8:14:22 P.M. io.gapi.emulators.netty.HttpVersionRoutingHandler channelRead
INFO: Detected non-HTTP/2 connection.
Jun 06, 2026 8:14:22 P.M. io.gapi.emulators.netty.HttpVersionRoutingHandler channelRead
INFO: Detected non-HTTP/2 connection.
Jun 06, 2026 8:14:22 P.M. io.gapi.emulators.netty.HttpVersionRoutingHandler channelRead
INFO: Detected non-HTTP/2 connection.
Jun 06, 2026 8:14:22 P.M. io.gapi.emulators.netty.HttpVersionRoutingHandler channelRead
INFO: Detected non-HTTP/2 connection.
Jun 06, 2026 8:15:00 P.M. io.gapi.emulators.netty.HttpVersionRoutingHandler channelRead
INFO: Detected non-HTTP/2 connection.
Jun 06, 2026 8:16:01 P.M. io.gapi.emulators.netty.HttpVersionRoutingHandler channelRead
INFO: Detected non-HTTP/2 connection.
Jun 06, 2026 8:16:16 P.M. io.gapi.emulators.netty.HttpVersionRoutingHandler channelRead
INFO: Detected non-HTTP/2 connection.
Jun 06, 2026 8:16:16 P.M. io.gapi.emulators.netty.HttpVersionRoutingHandler channelRead
INFO: Detected non-HTTP/2 connection.
Jun 06, 2026 8:16:16 P.M. io.gapi.emulators.netty.HttpVersionRoutingHandler channelRead
INFO: Detected non-HTTP/2 connection.
Jun 06, 2026 8:16:16 P.M. io.gapi.emulators.netty.HttpVersionRoutingHandler channelRead
INFO: Detected non-HTTP/2 connection.
Jun 06, 2026 8:16:16 P.M. io.gapi.emulators.netty.HttpVersionRoutingHandler channelRead
INFO: Detected non-HTTP/2 connection.
Jun 06, 2026 8:16:16 P.M. io.gapi.emulators.netty.HttpVersionRoutingHandler channelRead
INFO: Detected non-HTTP/2 connection.
Jun 06, 2026 8:16:51 P.M. io.gapi.emulators.netty.HttpVersionRoutingHandler channelRead
INFO: Detected non-HTTP/2 connection.
Jun 06, 2026 8:16:53 P.M. io.gapi.emulators.netty.HttpVersionRoutingHandler channelRead
INFO: Detected non-HTTP/2 connection.
Jun 06, 2026 8:16:53 P.M. io.gapi.emulators.netty.HttpVersionRoutingHandler channelRead
INFO: Detected non-HTTP/2 connection.
Jun 06, 2026 8:16:53 P.M. io.gapi.emulators.netty.HttpVersionRoutingHandler channelRead
INFO: Detected non-HTTP/2 connection.
Jun 06, 2026 8:16:53 P.M. io.gapi.emulators.netty.HttpVersionRoutingHandler channelRead
INFO: Detected non-HTTP/2 connection.
Jun 06, 2026 8:17:01 P.M. io.gapi.emulators.netty.HttpVersionRoutingHandler channelRead
INFO: Detected non-HTTP/2 connection.
Jun 06, 2026 8:17:23 P.M. io.gapi.emulators.netty.HttpVersionRoutingHandler channelRead
INFO: Detected non-HTTP/2 connection.
Jun 06, 2026 8:17:23 P.M. io.gapi.emulators.netty.HttpVersionRoutingHandler channelRead
INFO: Detected non-HTTP/2 connection.
Jun 06, 2026 8:17:34 P.M. io.gapi.emulators.netty.HttpVersionRoutingHandler channelRead
INFO: Detected non-HTTP/2 connection.
Jun 06, 2026 8:17:34 P.M. io.gapi.emulators.netty.HttpVersionRoutingHandler channelRead
INFO: Detected non-HTTP/2 connection.
Jun 06, 2026 8:17:35 P.M. io.gapi.emulators.netty.HttpVersionRoutingHandler channelRead
INFO: Detected non-HTTP/2 connection.
Jun 06, 2026 8:17:35 P.M. io.gapi.emulators.netty.HttpVersionRoutingHandler channelRead
INFO: Detected non-HTTP/2 connection.
Jun 06, 2026 8:17:35 P.M. com.google.cloud.datastore.emulator.firestore.webchannel.FirestoreV1WebChannelAdapter$FirestoreWriteHandler onClose
INFO: channel closed
Jun 06, 2026 8:17:35 P.M. com.google.cloud.datastore.emulator.firestore.webchannel.FirestoreV1WebChannelAdapter$FirestoreListenHandler onClose
INFO: channel closed
Jun 06, 2026 8:17:41 P.M. io.gapi.emulators.netty.HttpVersionRoutingHandler channelRead
INFO: Detected non-HTTP/2 connection.
Jun 06, 2026 8:18:11 P.M. io.gapi.emulators.netty.HttpVersionRoutingHandler channelRead
INFO: Detected non-HTTP/2 connection.
Jun 06, 2026 8:18:41 P.M. io.gapi.emulators.netty.HttpVersionRoutingHandler channelRead
INFO: Detected non-HTTP/2 connection.
Jun 06, 2026 8:19:41 P.M. io.gapi.emulators.netty.HttpVersionRoutingHandler channelRead
INFO: Detected non-HTTP/2 connection.
Jun 06, 2026 8:20:41 P.M. io.gapi.emulators.netty.HttpVersionRoutingHandler channelRead
INFO: Detected non-HTTP/2 connection.
Jun 06, 2026 8:21:41 P.M. io.gapi.emulators.netty.HttpVersionRoutingHandler channelRead
INFO: Detected non-HTTP/2 connection.
Jun 06, 2026 8:22:21 P.M. io.gapi.emulators.netty.HttpVersionRoutingHandler channelRead
INFO: Detected non-HTTP/2 connection.
Jun 06, 2026 8:23:21 P.M. io.gapi.emulators.netty.HttpVersionRoutingHandler channelRead
INFO: Detected non-HTTP/2 connection.
Jun 06, 2026 8:24:12 P.M. io.gapi.emulators.netty.HttpVersionRoutingHandler channelRead
INFO: Detected non-HTTP/2 connection.
Jun 06, 2026 8:25:12 P.M. io.gapi.emulators.netty.HttpVersionRoutingHandler channelRead
INFO: Detected non-HTTP/2 connection.
Jun 06, 2026 8:26:12 P.M. io.gapi.emulators.netty.HttpVersionRoutingHandler channelRead
INFO: Detected non-HTTP/2 connection.
Jun 06, 2026 8:27:12 P.M. io.gapi.emulators.netty.HttpVersionRoutingHandler channelRead
INFO: Detected non-HTTP/2 connection.
Jun 06, 2026 8:27:40 P.M. io.gapi.emulators.netty.HttpVersionRoutingHandler channelRead
INFO: Detected non-HTTP/2 connection.
Jun 06, 2026 8:27:40 P.M. io.gapi.emulators.netty.HttpVersionRoutingHandler channelRead
INFO: Detected non-HTTP/2 connection.
Jun 06, 2026 8:27:40 P.M. io.gapi.emulators.netty.HttpVersionRoutingHandler channelRead
INFO: Detected non-HTTP/2 connection.
Jun 06, 2026 8:27:40 P.M. io.gapi.emulators.netty.HttpVersionRoutingHandler channelRead
INFO: Detected non-HTTP/2 connection.
Jun 06, 2026 8:27:40 P.M. io.gapi.emulators.netty.HttpVersionRoutingHandler channelRead
INFO: Detected non-HTTP/2 connection.
Jun 06, 2026 8:27:40 P.M. io.gapi.emulators.netty.HttpVersionRoutingHandler channelRead
INFO: Detected non-HTTP/2 connection.
Jun 06, 2026 8:28:12 P.M. io.gapi.emulators.netty.HttpVersionRoutingHandler channelRead
INFO: Detected non-HTTP/2 connection.
Jun 06, 2026 8:28:25 P.M. io.gapi.emulators.netty.HttpVersionRoutingHandler channelRead
INFO: Detected non-HTTP/2 connection.
Jun 06, 2026 8:28:40 P.M. io.gapi.emulators.netty.HttpVersionRoutingHandler channelRead
INFO: Detected non-HTTP/2 connection.
Jun 06, 2026 8:28:40 P.M. com.google.cloud.datastore.emulator.firestore.webchannel.FirestoreV1WebChannelAdapter$FirestoreListenHandler onClose
INFO: channel closed
Jun 06, 2026 8:28:40 P.M. io.gapi.emulators.netty.HttpVersionRoutingHandler channelRead
INFO: Detected non-HTTP/2 connection.
Jun 06, 2026 8:28:40 P.M. com.google.cloud.datastore.emulator.firestore.webchannel.FirestoreV1WebChannelAdapter$FirestoreWriteHandler onClose
INFO: channel closed
Jun 06, 2026 8:29:12 P.M. io.gapi.emulators.netty.HttpVersionRoutingHandler channelRead
INFO: Detected non-HTTP/2 connection.
Jun 06, 2026 8:30:12 P.M. io.gapi.emulators.netty.HttpVersionRoutingHandler channelRead
INFO: Detected non-HTTP/2 connection.
Jun 06, 2026 8:30:35 P.M. io.gapi.emulators.netty.HttpVersionRoutingHandler channelRead
INFO: Detected non-HTTP/2 connection.
Jun 06, 2026 8:30:35 P.M. io.gapi.emulators.netty.HttpVersionRoutingHandler channelRead
INFO: Detected non-HTTP/2 connection.
Jun 06, 2026 8:30:35 P.M. io.gapi.emulators.netty.HttpVersionRoutingHandler channelRead
INFO: Detected non-HTTP/2 connection.
Jun 06, 2026 8:30:35 P.M. io.gapi.emulators.netty.HttpVersionRoutingHandler channelRead
INFO: Detected non-HTTP/2 connection.
Jun 06, 2026 8:30:35 P.M. io.gapi.emulators.netty.HttpVersionRoutingHandler channelRead
INFO: Detected non-HTTP/2 connection.
Jun 06, 2026 8:30:35 P.M. io.gapi.emulators.netty.HttpVersionRoutingHandler channelRead
INFO: Detected non-HTTP/2 connection.
Jun 06, 2026 8:31:12 P.M. io.gapi.emulators.netty.HttpVersionRoutingHandler channelRead
INFO: Detected non-HTTP/2 connection.
Jun 06, 2026 8:31:35 P.M. io.gapi.emulators.netty.HttpVersionRoutingHandler channelRead
INFO: Detected non-HTTP/2 connection.
Jun 06, 2026 8:31:35 P.M. com.google.cloud.datastore.emulator.firestore.webchannel.FirestoreV1WebChannelAdapter$FirestoreListenHandler onClose
INFO: channel closed
Jun 06, 2026 8:31:35 P.M. io.gapi.emulators.netty.HttpVersionRoutingHandler channelRead
INFO: Detected non-HTTP/2 connection.
Jun 06, 2026 8:31:35 P.M. com.google.cloud.datastore.emulator.firestore.webchannel.FirestoreV1WebChannelAdapter$FirestoreWriteHandler onClose
INFO: channel closed
Jun 06, 2026 8:32:12 P.M. io.gapi.emulators.netty.HttpVersionRoutingHandler channelRead
INFO: Detected non-HTTP/2 connection.
Jun 06, 2026 8:33:13 P.M. io.gapi.emulators.netty.HttpVersionRoutingHandler channelRead
INFO: Detected non-HTTP/2 connection.
Jun 06, 2026 8:34:13 P.M. io.gapi.emulators.netty.HttpVersionRoutingHandler channelRead
INFO: Detected non-HTTP/2 connection.
Jun 06, 2026 8:35:13 P.M. io.gapi.emulators.netty.HttpVersionRoutingHandler channelRead
INFO: Detected non-HTTP/2 connection.
Jun 06, 2026 8:36:13 P.M. io.gapi.emulators.netty.HttpVersionRoutingHandler channelRead
INFO: Detected non-HTTP/2 connection.
Jun 06, 2026 8:37:12 P.M. io.gapi.emulators.netty.HttpVersionRoutingHandler channelRead
INFO: Detected non-HTTP/2 connection.
Jun 06, 2026 8:37:12 P.M. io.gapi.emulators.netty.HttpVersionRoutingHandler channelRead
INFO: Detected non-HTTP/2 connection.
Jun 06, 2026 8:37:12 P.M. io.gapi.emulators.netty.HttpVersionRoutingHandler channelRead
INFO: Detected non-HTTP/2 connection.
Jun 06, 2026 8:37:12 P.M. io.gapi.emulators.netty.HttpVersionRoutingHandler channelRead
INFO: Detected non-HTTP/2 connection.
Jun 06, 2026 8:37:12 P.M. io.gapi.emulators.netty.HttpVersionRoutingHandler channelRead
INFO: Detected non-HTTP/2 connection.
Jun 06, 2026 8:37:13 P.M. io.gapi.emulators.netty.HttpVersionRoutingHandler channelRead
INFO: Detected non-HTTP/2 connection.
Jun 06, 2026 8:37:25 P.M. io.gapi.emulators.netty.HttpVersionRoutingHandler channelRead
INFO: Detected non-HTTP/2 connection.
Jun 06, 2026 8:37:31 P.M. io.gapi.emulators.netty.HttpVersionRoutingHandler channelRead
INFO: Detected non-HTTP/2 connection.
Jun 06, 2026 8:37:31 P.M. io.gapi.emulators.netty.HttpVersionRoutingHandler channelRead
INFO: Detected non-HTTP/2 connection.
Jun 06, 2026 8:37:49 P.M. io.gapi.emulators.netty.HttpVersionRoutingHandler channelRead
INFO: Detected non-HTTP/2 connection.
Jun 06, 2026 8:38:01 P.M. io.gapi.emulators.netty.HttpVersionRoutingHandler channelRead
INFO: Detected non-HTTP/2 connection.
Jun 06, 2026 8:38:03 P.M. io.gapi.emulators.netty.HttpVersionRoutingHandler channelRead
INFO: Detected non-HTTP/2 connection.
Jun 06, 2026 8:38:04 P.M. io.gapi.emulators.netty.HttpVersionRoutingHandler channelRead
INFO: Detected non-HTTP/2 connection.
Jun 06, 2026 8:38:04 P.M. io.gapi.emulators.netty.HttpVersionRoutingHandler channelRead
INFO: Detected non-HTTP/2 connection.
Jun 06, 2026 8:38:04 P.M. io.gapi.emulators.netty.HttpVersionRoutingHandler channelRead
INFO: Detected non-HTTP/2 connection.
Jun 06, 2026 8:38:04 P.M. io.gapi.emulators.netty.HttpVersionRoutingHandler channelRead
INFO: Detected non-HTTP/2 connection.
Jun 06, 2026 8:38:04 P.M. io.gapi.emulators.netty.HttpVersionRoutingHandler channelRead
INFO: Detected non-HTTP/2 connection.
Jun 06, 2026 8:39:04 P.M. io.gapi.emulators.netty.HttpVersionRoutingHandler channelRead
INFO: Detected non-HTTP/2 connection.
Jun 06, 2026 8:39:04 P.M. com.google.cloud.datastore.emulator.firestore.webchannel.FirestoreV1WebChannelAdapter$FirestoreListenHandler onClose
INFO: channel closed
Jun 06, 2026 8:39:04 P.M. io.gapi.emulators.netty.HttpVersionRoutingHandler channelRead
INFO: Detected non-HTTP/2 connection.
Jun 06, 2026 8:39:04 P.M. com.google.cloud.datastore.emulator.firestore.webchannel.FirestoreV1WebChannelAdapter$FirestoreWriteHandler onClose
INFO: channel closed
Jun 06, 2026 8:39:04 P.M. com.google.cloud.datastore.emulator.firestore.webchannel.FirestoreV1WebChannelAdapter$FirestoreWriteHandler onClose
INFO: channel closed
Jun 06, 2026 8:39:13 P.M. io.gapi.emulators.netty.HttpVersionRoutingHandler channelRead
INFO: Detected non-HTTP/2 connection.
Jun 06, 2026 8:39:21 P.M. io.gapi.emulators.netty.HttpVersionRoutingHandler channelRead
INFO: Detected non-HTTP/2 connection.
Jun 06, 2026 8:39:21 P.M. io.gapi.emulators.netty.HttpVersionRoutingHandler channelRead
INFO: Detected non-HTTP/2 connection.
Jun 06, 2026 8:39:21 P.M. io.gapi.emulators.netty.HttpVersionRoutingHandler channelRead
INFO: Detected non-HTTP/2 connection.
Jun 06, 2026 8:39:21 P.M. io.gapi.emulators.netty.HttpVersionRoutingHandler channelRead
INFO: Detected non-HTTP/2 connection.
Jun 06, 2026 8:39:21 P.M. io.gapi.emulators.netty.HttpVersionRoutingHandler channelRead
INFO: Detected non-HTTP/2 connection.
Jun 06, 2026 8:39:53 P.M. io.gapi.emulators.netty.HttpVersionRoutingHandler channelRead
INFO: Detected non-HTTP/2 connection.
Jun 06, 2026 8:40:21 P.M. io.gapi.emulators.netty.HttpVersionRoutingHandler channelRead
INFO: Detected non-HTTP/2 connection.
Jun 06, 2026 8:40:21 P.M. io.gapi.emulators.netty.HttpVersionRoutingHandler channelRead
INFO: Detected non-HTTP/2 connection.
Jun 06, 2026 8:40:21 P.M. com.google.cloud.datastore.emulator.firestore.webchannel.FirestoreV1WebChannelAdapter$FirestoreWriteHandler onClose
INFO: channel closed
Jun 06, 2026 8:40:53 P.M. io.gapi.emulators.netty.HttpVersionRoutingHandler channelRead
INFO: Detected non-HTTP/2 connection.
Jun 06, 2026 8:41:03 P.M. io.gapi.emulators.netty.HttpVersionRoutingHandler channelRead
INFO: Detected non-HTTP/2 connection.
Jun 06, 2026 8:41:23 P.M. io.gapi.emulators.netty.HttpVersionRoutingHandler channelRead
INFO: Detected non-HTTP/2 connection.
Jun 06, 2026 8:41:23 P.M. io.gapi.emulators.netty.HttpVersionRoutingHandler channelRead
INFO: Detected non-HTTP/2 connection.
Jun 06, 2026 8:41:23 P.M. io.gapi.emulators.netty.HttpVersionRoutingHandler channelRead
INFO: Detected non-HTTP/2 connection.
Jun 06, 2026 8:41:23 P.M. io.gapi.emulators.netty.HttpVersionRoutingHandler channelRead
INFO: Detected non-HTTP/2 connection.
Jun 06, 2026 8:41:23 P.M. io.gapi.emulators.netty.HttpVersionRoutingHandler channelRead
INFO: Detected non-HTTP/2 connection.
Jun 06, 2026 8:41:54 P.M. io.gapi.emulators.netty.HttpVersionRoutingHandler channelRead
INFO: Detected non-HTTP/2 connection.
Jun 06, 2026 8:42:23 P.M. io.gapi.emulators.netty.HttpVersionRoutingHandler channelRead
INFO: Detected non-HTTP/2 connection.
Jun 06, 2026 8:42:23 P.M. io.gapi.emulators.netty.HttpVersionRoutingHandler channelRead
INFO: Detected non-HTTP/2 connection.
Jun 06, 2026 8:42:23 P.M. com.google.cloud.datastore.emulator.firestore.webchannel.FirestoreV1WebChannelAdapter$FirestoreWriteHandler onClose
INFO: channel closed
Jun 06, 2026 8:43:14 P.M. io.gapi.emulators.netty.HttpVersionRoutingHandler channelRead
INFO: Detected non-HTTP/2 connection.
Jun 06, 2026 8:43:23 P.M. io.gapi.emulators.netty.HttpVersionRoutingHandler channelRead
INFO: Detected non-HTTP/2 connection.
Jun 06, 2026 8:44:11 P.M. io.gapi.emulators.netty.HttpVersionRoutingHandler channelRead
INFO: Detected non-HTTP/2 connection.
Jun 06, 2026 8:44:11 P.M. io.gapi.emulators.netty.HttpVersionRoutingHandler channelRead
INFO: Detected non-HTTP/2 connection.
Jun 06, 2026 8:44:14 P.M. io.gapi.emulators.netty.HttpVersionRoutingHandler channelRead
INFO: Detected non-HTTP/2 connection.
Jun 06, 2026 8:45:11 P.M. io.gapi.emulators.netty.HttpVersionRoutingHandler channelRead
INFO: Detected non-HTTP/2 connection.
Jun 06, 2026 8:45:11 P.M. com.google.cloud.datastore.emulator.firestore.webchannel.FirestoreV1WebChannelAdapter$FirestoreListenHandler onClose
INFO: channel closed
Jun 06, 2026 8:45:14 P.M. io.gapi.emulators.netty.HttpVersionRoutingHandler channelRead
INFO: Detected non-HTTP/2 connection.
Jun 06, 2026 8:46:14 P.M. io.gapi.emulators.netty.HttpVersionRoutingHandler channelRead
INFO: Detected non-HTTP/2 connection.
Jun 06, 2026 8:47:14 P.M. io.gapi.emulators.netty.HttpVersionRoutingHandler channelRead
INFO: Detected non-HTTP/2 connection.
Jun 06, 2026 8:48:44 P.M. io.gapi.emulators.netty.HttpVersionRoutingHandler channelRead
INFO: Detected non-HTTP/2 connection.
Jun 06, 2026 8:49:05 P.M. io.gapi.emulators.netty.HttpVersionRoutingHandler channelRead
INFO: Detected non-HTTP/2 connection.
Jun 06, 2026 8:49:05 P.M. io.gapi.emulators.netty.HttpVersionRoutingHandler channelRead
INFO: Detected non-HTTP/2 connection.
Jun 06, 2026 8:49:05 P.M. io.gapi.emulators.netty.HttpVersionRoutingHandler channelRead
INFO: Detected non-HTTP/2 connection.
Jun 06, 2026 8:49:05 P.M. io.gapi.emulators.netty.HttpVersionRoutingHandler channelRead
INFO: Detected non-HTTP/2 connection.
Jun 06, 2026 8:49:05 P.M. io.gapi.emulators.netty.HttpVersionRoutingHandler channelRead
INFO: Detected non-HTTP/2 connection.
Jun 06, 2026 8:49:05 P.M. io.gapi.emulators.netty.HttpVersionRoutingHandler channelRead
INFO: Detected non-HTTP/2 connection.
Jun 06, 2026 8:49:14 P.M. io.gapi.emulators.netty.HttpVersionRoutingHandler channelRead
INFO: Detected non-HTTP/2 connection.
Jun 06, 2026 8:50:05 P.M. io.gapi.emulators.netty.HttpVersionRoutingHandler channelRead
INFO: Detected non-HTTP/2 connection.
Jun 06, 2026 8:50:05 P.M. com.google.cloud.datastore.emulator.firestore.webchannel.FirestoreV1WebChannelAdapter$FirestoreListenHandler onClose
INFO: channel closed
Jun 06, 2026 8:50:05 P.M. io.gapi.emulators.netty.HttpVersionRoutingHandler channelRead
INFO: Detected non-HTTP/2 connection.
Jun 06, 2026 8:50:05 P.M. com.google.cloud.datastore.emulator.firestore.webchannel.FirestoreV1WebChannelAdapter$FirestoreWriteHandler onClose
INFO: channel closed
Jun 06, 2026 8:50:14 P.M. io.gapi.emulators.netty.HttpVersionRoutingHandler channelRead
INFO: Detected non-HTTP/2 connection.
Jun 06, 2026 8:51:15 P.M. io.gapi.emulators.netty.HttpVersionRoutingHandler channelRead
INFO: Detected non-HTTP/2 connection.
Jun 06, 2026 8:52:15 P.M. io.gapi.emulators.netty.HttpVersionRoutingHandler channelRead
INFO: Detected non-HTTP/2 connection.
Jun 06, 2026 8:53:15 P.M. io.gapi.emulators.netty.HttpVersionRoutingHandler channelRead
INFO: Detected non-HTTP/2 connection.
Jun 06, 2026 8:53:56 P.M. io.gapi.emulators.netty.HttpVersionRoutingHandler channelRead
INFO: Detected non-HTTP/2 connection.
Jun 06, 2026 8:53:56 P.M. io.gapi.emulators.netty.HttpVersionRoutingHandler channelRead
INFO: Detected non-HTTP/2 connection.
Jun 06, 2026 8:53:56 P.M. io.gapi.emulators.netty.HttpVersionRoutingHandler channelRead
INFO: Detected non-HTTP/2 connection.
Jun 06, 2026 8:53:56 P.M. io.gapi.emulators.netty.HttpVersionRoutingHandler channelRead
INFO: Detected non-HTTP/2 connection.
Jun 06, 2026 8:53:56 P.M. io.gapi.emulators.netty.HttpVersionRoutingHandler channelRead
INFO: Detected non-HTTP/2 connection.
Jun 06, 2026 8:53:56 P.M. io.gapi.emulators.netty.HttpVersionRoutingHandler channelRead
INFO: Detected non-HTTP/2 connection.
Jun 06, 2026 8:54:05 P.M. io.gapi.emulators.netty.HttpVersionRoutingHandler channelRead
INFO: Detected non-HTTP/2 connection.
Jun 06, 2026 8:54:05 P.M. io.gapi.emulators.netty.HttpVersionRoutingHandler channelRead
INFO: Detected non-HTTP/2 connection.
Jun 06, 2026 8:54:56 P.M. io.gapi.emulators.netty.HttpVersionRoutingHandler channelRead
INFO: Detected non-HTTP/2 connection.
Jun 06, 2026 8:54:56 P.M. com.google.cloud.datastore.emulator.firestore.webchannel.FirestoreV1WebChannelAdapter$FirestoreListenHandler onClose
INFO: channel closed
Jun 06, 2026 8:54:56 P.M. io.gapi.emulators.netty.HttpVersionRoutingHandler channelRead
INFO: Detected non-HTTP/2 connection.
Jun 06, 2026 8:54:56 P.M. com.google.cloud.datastore.emulator.firestore.webchannel.FirestoreV1WebChannelAdapter$FirestoreWriteHandler onClose
INFO: channel closed
Jun 06, 2026 8:55:05 P.M. io.gapi.emulators.netty.HttpVersionRoutingHandler channelRead
INFO: Detected non-HTTP/2 connection.
Jun 06, 2026 8:55:40 P.M. io.gapi.emulators.netty.HttpVersionRoutingHandler channelRead
INFO: Detected non-HTTP/2 connection.
Jun 06, 2026 8:55:40 P.M. io.gapi.emulators.netty.HttpVersionRoutingHandler channelRead
INFO: Detected non-HTTP/2 connection.
Jun 06, 2026 8:55:40 P.M. io.gapi.emulators.netty.HttpVersionRoutingHandler channelRead
INFO: Detected non-HTTP/2 connection.
Jun 06, 2026 8:55:40 P.M. io.gapi.emulators.netty.HttpVersionRoutingHandler channelRead
INFO: Detected non-HTTP/2 connection.
Jun 06, 2026 8:55:40 P.M. io.gapi.emulators.netty.HttpVersionRoutingHandler channelRead
INFO: Detected non-HTTP/2 connection.
Jun 06, 2026 8:55:44 P.M. io.gapi.emulators.netty.HttpVersionRoutingHandler channelRead
INFO: Detected non-HTTP/2 connection.
Jun 06, 2026 8:55:44 P.M. io.gapi.emulators.netty.HttpVersionRoutingHandler channelRead
INFO: Detected non-HTTP/2 connection.
Jun 06, 2026 8:55:45 P.M. com.google.cloud.datastore.emulator.firestore.webchannel.FirestoreV1WebChannelAdapter$FirestoreWriteHandler onClose
INFO: channel closed
Jun 06, 2026 8:55:45 P.M. com.google.cloud.datastore.emulator.firestore.webchannel.FirestoreV1WebChannelAdapter$FirestoreListenHandler onClose
INFO: channel closed
Jun 06, 2026 8:56:15 P.M. io.gapi.emulators.netty.HttpVersionRoutingHandler channelRead
INFO: Detected non-HTTP/2 connection.
Jun 06, 2026 8:57:15 P.M. io.gapi.emulators.netty.HttpVersionRoutingHandler channelRead
INFO: Detected non-HTTP/2 connection.
Jun 06, 2026 8:58:15 P.M. io.gapi.emulators.netty.HttpVersionRoutingHandler channelRead
INFO: Detected non-HTTP/2 connection.
Jun 06, 2026 9:00:16 P.M. io.gapi.emulators.netty.HttpVersionRoutingHandler channelRead
INFO: Detected non-HTTP/2 connection.
Jun 06, 2026 9:00:56 P.M. io.gapi.emulators.netty.HttpVersionRoutingHandler channelRead
INFO: Detected non-HTTP/2 connection.
Jun 06, 2026 9:01:26 P.M. io.gapi.emulators.netty.HttpVersionRoutingHandler channelRead
INFO: Detected non-HTTP/2 connection.
Jun 06, 2026 9:02:08 P.M. io.netty.channel.DefaultChannelPipeline onUnhandledInboundException
WARNING: An exceptionCaught() event was fired, and it reached at the tail of the pipeline. It usually means the last handler in the pipeline did not handle the exception.
java.net.SocketException: Connection reset
	at java.base/sun.nio.ch.SocketChannelImpl.throwConnectionReset(SocketChannelImpl.java:401)
	at java.base/sun.nio.ch.SocketChannelImpl.read(SocketChannelImpl.java:434)
	at io.netty.buffer.PooledByteBuf.setBytes(PooledByteBuf.java:255)
	at io.netty.buffer.AbstractByteBuf.writeBytes(AbstractByteBuf.java:1132)
	at io.netty.channel.socket.nio.NioSocketChannel.doReadBytes(NioSocketChannel.java:356)
	at io.netty.channel.nio.AbstractNioByteChannel$NioByteUnsafe.read(AbstractNioByteChannel.java:156)
	at io.netty.channel.nio.NioEventLoop.processSelectedKey(NioEventLoop.java:796)
	at io.netty.channel.nio.NioEventLoop.processSelectedKeysOptimized(NioEventLoop.java:732)
	at io.netty.channel.nio.NioEventLoop.processSelectedKeys(NioEventLoop.java:658)
	at io.netty.channel.nio.NioEventLoop.run(NioEventLoop.java:562)
	at io.netty.util.concurrent.SingleThreadEventExecutor$4.run(SingleThreadEventExecutor.java:998)
	at io.netty.util.internal.ThreadExecutorMap$2.run(ThreadExecutorMap.java:74)
	at io.netty.util.concurrent.FastThreadLocalRunnable.run(FastThreadLocalRunnable.java:30)
	at java.base/java.lang.Thread.run(Thread.java:1583)

Jun 06, 2026 9:02:08 P.M. io.netty.channel.DefaultChannelPipeline onUnhandledInboundException
WARNING: An exceptionCaught() event was fired, and it reached at the tail of the pipeline. It usually means the last handler in the pipeline did not handle the exception.
java.net.SocketException: Connection reset
	at java.base/sun.nio.ch.SocketChannelImpl.throwConnectionReset(SocketChannelImpl.java:401)
	at java.base/sun.nio.ch.SocketChannelImpl.read(SocketChannelImpl.java:434)
	at io.netty.buffer.PooledByteBuf.setBytes(PooledByteBuf.java:255)
	at io.netty.buffer.AbstractByteBuf.writeBytes(AbstractByteBuf.java:1132)
	at io.netty.channel.socket.nio.NioSocketChannel.doReadBytes(NioSocketChannel.java:356)
	at io.netty.channel.nio.AbstractNioByteChannel$NioByteUnsafe.read(AbstractNioByteChannel.java:156)
	at io.netty.channel.nio.NioEventLoop.processSelectedKey(NioEventLoop.java:796)
	at io.netty.channel.nio.NioEventLoop.processSelectedKeysOptimized(NioEventLoop.java:732)
	at io.netty.channel.nio.NioEventLoop.processSelectedKeys(NioEventLoop.java:658)
	at io.netty.channel.nio.NioEventLoop.run(NioEventLoop.java:562)
	at io.netty.util.concurrent.SingleThreadEventExecutor$4.run(SingleThreadEventExecutor.java:998)
	at io.netty.util.internal.ThreadExecutorMap$2.run(ThreadExecutorMap.java:74)
	at io.netty.util.concurrent.FastThreadLocalRunnable.run(FastThreadLocalRunnable.java:30)
	at java.base/java.lang.Thread.run(Thread.java:1583)

Jun 06, 2026 9:02:08 P.M. io.netty.channel.DefaultChannelPipeline onUnhandledInboundException
WARNING: An exceptionCaught() event was fired, and it reached at the tail of the pipeline. It usually means the last handler in the pipeline did not handle the exception.
java.net.SocketException: Connection reset
	at java.base/sun.nio.ch.SocketChannelImpl.throwConnectionReset(SocketChannelImpl.java:401)
	at java.base/sun.nio.ch.SocketChannelImpl.read(SocketChannelImpl.java:434)
	at io.netty.buffer.PooledByteBuf.setBytes(PooledByteBuf.java:255)
	at io.netty.buffer.AbstractByteBuf.writeBytes(AbstractByteBuf.java:1132)
	at io.netty.channel.socket.nio.NioSocketChannel.doReadBytes(NioSocketChannel.java:356)
	at io.netty.channel.nio.AbstractNioByteChannel$NioByteUnsafe.read(AbstractNioByteChannel.java:156)
	at io.netty.channel.nio.NioEventLoop.processSelectedKey(NioEventLoop.java:796)
	at io.netty.channel.nio.NioEventLoop.processSelectedKeysOptimized(NioEventLoop.java:732)
	at io.netty.channel.nio.NioEventLoop.processSelectedKeys(NioEventLoop.java:658)
	at io.netty.channel.nio.NioEventLoop.run(NioEventLoop.java:562)
	at io.netty.util.concurrent.SingleThreadEventExecutor$4.run(SingleThreadEventExecutor.java:998)
	at io.netty.util.internal.ThreadExecutorMap$2.run(ThreadExecutorMap.java:74)
	at io.netty.util.concurrent.FastThreadLocalRunnable.run(FastThreadLocalRunnable.java:30)
	at java.base/java.lang.Thread.run(Thread.java:1583)

